seed,mean_encoded,injected_linear_rgb_sigma,gray,domain,component,measured,reference,passed
6113,0.0627451017,0.00100000005,true,linear,y,0.000996697461,0.000999677344,true
6113,0.0627451017,0.00100000005,true,linear,cb,4.50749214e-21,3.02353927e-19,true
6113,0.0627451017,0.00100000005,true,linear,cr,5.68821573e-21,3.81554583e-19,true
6113,0.0627451017,0.00100000005,true,encoded,y,0.0094745243,0.00968231354,true
6113,0.0627451017,0.00100000005,true,encoded,cb,7.34744859e-20,3.18182074e-18,true
6113,0.0627451017,0.00100000005,true,encoded,cr,9.27208979e-20,4.01528896e-18,true
6113,0.0627451017,0.00100000005,false,linear,y,0.000754800451,0.000750327017,true
6113,0.0627451017,0.00100000005,false,linear,cb,0.00066954887,0.000671321468,true
6113,0.0627451017,0.00100000005,false,linear,cr,0.000768829836,0.000758626265,true
6113,0.0627451017,0.00100000005,false,encoded,y,0.00719552813,0.007266887,true
6113,0.0627451017,0.00100000005,false,encoded,cb,0.00654655043,0.00650030328,true
6113,0.0627451017,0.00100000005,false,encoded,cr,0.0073924372,0.0073521696,true
6113,0.0627451017,0.00800000038,true,linear,y,0.0079735769,0.00799741875,true
6113,0.0627451017,0.00800000038,true,linear,cb,1.01823316e-20,4.5772763e-19,true
6113,0.0627451017,0.00800000038,true,linear,cr,1.2849561e-20,5.77627925e-19,true
6113,0.0627451017,0.00800000038,true,encoded,y,0.0735527202,0.0775346383,true
6113,0.0627451017,0.00800000038,true,encoded,cb,1.40142219e-19,4.32226396e-18,true
6113,0.0627451017,0.00800000038,true,encoded,cr,1.76852042e-19,5.45446784e-18,true
6113,0.0627451017,0.00800000038,false,linear,y,0.00603841199,0.00600261614,true
6113,0.0627451017,0.00800000038,false,linear,cb,0.00535639189,0.00537057174,true
6113,0.0627451017,0.00800000038,false,linear,cr,0.00615063822,0.00606901012,true
6113,0.0627451017,0.00800000038,false,encoded,y,0.0562909544,0.0581798144,true
6113,0.0627451017,0.00800000038,false,encoded,cb,0.049959708,0.0520531237,true
6113,0.0627451017,0.00800000038,false,encoded,cr,0.055014275,0.0589318834,true
6113,0.0627451017,0.0320000015,true,linear,y,0.0318943001,0.031989675,true
6113,0.0627451017,0.0320000015,true,linear,cb,4.15698034e-20,1.42671275e-18,true
6113,0.0627451017,0.0320000015,true,linear,cr,5.24588865e-20,1.80043574e-18,true
6113,0.0627451017,0.0320000015,true,encoded,y,0.229095846,0.286459297,false
6113,0.0627451017,0.0320000015,true,encoded,cb,3.44047035e-19,1.27700052e-17,true
6113,0.0627451017,0.0320000015,true,encoded,cr,4.34169112e-19,1.61150682e-17,true
6113,0.0627451017,0.0320000015,false,linear,y,0.0241536424,0.0240104645,true
6113,0.0627451017,0.0320000015,false,linear,cb,0.0214255676,0.021482287,true
6113,0.0627451017,0.0320000015,false,linear,cr,0.0246025529,0.0242760405,true
6113,0.0627451017,0.0320000015,false,encoded,y,0.196150705,0.214910343,true
6113,0.0627451017,0.0320000015,false,encoded,cb,0.172434792,0.192311212,false
6113,0.0627451017,0.0320000015,false,encoded,cr,0.190445557,0.217883199,false
6113,0.0627451017,0.064000003,true,coverage,,,,false
6113,0.0627451017,0.064000003,false,linear,y,0.0483073145,0.0480209291,true
6113,0.0627451017,0.064000003,false,linear,cb,0.0428511389,0.0429645739,true
6113,0.0627451017,0.064000003,false,linear,cr,0.0492051095,0.048552081,true
6113,0.0627451017,0.064000003,false,encoded,y,0.359928638,0.412853837,false
6113,0.0627451017,0.064000003,false,encoded,cb,0.317871869,0.369483978,false
6113,0.0627451017,0.064000003,false,encoded,cr,0.354038805,0.418748736,false
6113,0.117647059,0.00100000005,true,linear,y,0.000996696763,0.000999677344,true
6113,0.117647059,0.00100000005,true,linear,cb,2.3289359e-20,6.83084199e-19,true
6113,0.117647059,0.00100000005,true,linear,cr,2.9389934e-20,8.62016032e-19,true
6113,0.117647059,0.00100000005,true,encoded,y,0.00558467163,0.0055597038,true
6113,0.117647059,0.00100000005,true,encoded,cb,1.34251168e-19,5.38123464e-18,true
6113,0.117647059,0.00100000005,true,encoded,cr,1.69417847e-19,6.7908323e-18,true
6113,0.117647059,0.00100000005,false,linear,y,0.000754803652,0.000750327017,true
6113,0.117647059,0.00100000005,false,linear,cb,0.000669549161,0.000671321468,true
6113,0.117647059,0.00100000005,false,linear,cr,0.000768830534,0.000758626265,true
6113,0.117647059,0.00100000005,false,encoded,y,0.00415558601,0.00417291,true
6113,0.117647059,0.00100000005,false,encoded,cb,0.00372792617,0.00373318279,true
6113,0.117647059,0.00100000005,false,encoded,cr,0.00423559267,0.00422012387,true
6113,0.117647059,0.00800000038,true,linear,y,0.00797357596,0.00799741875,true
6113,0.117647059,0.00800000038,true,linear,cb,2.7798348e-20,7.83093592e-19,true
6113,0.117647059,0.00800000038,true,linear,cr,3.50800383e-20,9.88222545e-19,true
6113,0.117647059,0.00800000038,true,encoded,y,0.0449051261,0.0547588579,false
6113,0.117647059,0.00800000038,true,encoded,cb,1.45686371e-19,6.18101738e-18,true
6113,0.117647059,0.00800000038,true,encoded,cr,1.83848452e-19,7.80011548e-18,true
6113,0.117647059,0.00800000038,false,linear,y,0.00603841431,0.00600261614,true
6113,0.117647059,0.00800000038,false,linear,cb,0.00535639189,0.00537057174,true
6113,0.117647059,0.00800000038,false,linear,cr,0.00615063868,0.00606901012,true
6113,0.117647059,0.00800000038,false,encoded,y,0.0347141773,0.0410802625,false
6113,0.117647059,0.00800000038,false,encoded,cb,0.0320305116,0.0367496014,false
6113,0.117647059,0.00800000038,false,encoded,cr,0.0355693996,0.0416559614,false
6113,0.117647059,0.0320000015,true,linear,y,0.0318942964,0.031989675,true
6113,0.117647059,0.0320000015,true,linear,cb,3.43407715e-20,1.55270662e-18,true
6113,0.117647059,0.0320000015,true,linear,cr,4.33362314e-20,1.95943329e-18,true
6113,0.117647059,0.0320000015,true,encoded,y,0.174777299,0.257573307,false
6113,0.117647059,0.0320000015,true,encoded,cb,3.15242641e-19,1.18272319e-17,true
6113,0.117647059,0.0320000015,true,encoded,cr,3.97819462e-19,1.49253393e-17,true
6113,0.117647059,0.0320000015,false,linear,y,0.0241536442,0.0240104645,true
6113,0.117647059,0.0320000015,false,linear,cb,0.0214255694,0.021482287,true
6113,0.117647059,0.0320000015,false,linear,cr,0.0246025529,0.0242760405,true
6113,0.117647059,0.0320000015,false,encoded,y,0.155743524,0.193211764,false
6113,0.117647059,0.0320000015,false,encoded,cb,0.140364617,0.172923192,false
6113,0.117647059,0.0320000015,false,encoded,cr,0.154481068,0.196010485,false
6113,0.117647059,0.064000003,true,linear,y,0.0637886003,0.06397935,true
6113,0.117647059,0.064000003,true,linear,cb,7.84246449e-20,2.86378655e-18,true
6113,0.117647059,0.064000003,true,linear,cr,9.896774e-20,3.61394672e-18,true
6113,0.117647059,0.064000003,true,encoded,y,0.313509673,0.519794762,false
6113,0.117647059,0.064000003,true,encoded,cb,8.37446906e-19,2.34700951e-17,true
6113,0.117647059,0.064000003,true,encoded,cr,1.0568135e-18,2.96180125e-17,true
6113,0.117647059,0.064000003,false,linear,y,0.0483073182,0.0480209291,true
6113,0.117647059,0.064000003,false,linear,cb,0.0428511351,0.0429645739,true
6113,0.117647059,0.064000003,false,linear,cr,0.0492051058,0.048552081,true
6113,0.117647059,0.064000003,false,encoded,y,0.313719064,0.389897764,false
6113,0.117647059,0.064000003,false,encoded,cb,0.281274796,0.348977327,false
6113,0.117647059,0.064000003,false,encoded,cr,0.311548442,0.395612061,false
6113,0.250980407,0.00100000005,true,linear,y,0.000996694085,0.000999677344,true
6113,0.250980407,0.00100000005,true,linear,cb,1.02216602e-19,2.75602994e-18,true
6113,0.250980407,0.00100000005,true,linear,cr,1.28991928e-19,3.47796319e-18,true
6113,0.250980407,0.00100000005,true,encoded,y,0.00249679596,0.00248648971,true
6113,0.250980407,0.00100000005,true,encoded,cb,1.77673626e-19,1.06474746e-17,true
6113,0.250980407,0.00100000005,true,encoded,cr,2.24214672e-19,1.34365482e-17,true
6113,0.250980407,0.00100000005,false,linear,y,0.000754801615,0.000750327017,true
6113,0.250980407,0.00100000005,false,linear,cb,0.000669548463,0.000671321468,true
6113,0.250980407,0.00100000005,false,linear,cr,0.000768828206,0.000758626265,true
6113,0.250980407,0.00100000005,false,encoded,y,0.00187932455,0.00186628499,true
6113,0.250980407,0.00100000005,false,encoded,cb,0.00166470767,0.00166973879,true
6113,0.250980407,0.00100000005,false,encoded,cr,0.00191343739,0.00188704336,true
6113,0.250980407,0.00800000038,true,linear,y,0.00797357038,0.00799741875,true
6113,0.250980407,0.00800000038,true,linear,cb,7.37229503e-20,2.735867e-18,true
6113,0.250980407,0.00800000038,true,linear,cr,9.30344511e-20,3.45251891e-18,true
6113,0.250980407,0.00800000038,true,encoded,y,0.0199342445,0.0201710109,true
6113,0.250980407,0.00800000038,true,encoded,cb,2.17112293e-19,1.14499358e-17,true
6113,0.250980407,0.00800000038,true,encoded,cr,2.73984191e-19,1.44492108e-17,true
6113,0.250980407,0.00800000038,false,linear,y,0.00603841338,0.00600261614,true
6113,0.250980407,0.00800000038,false,linear,cb,0.00535639096,0.00537057174,true
6113,0.250980407,0.00800000038,false,linear,cr,0.00615063868,0.00606901012,true
6113,0.250980407,0.00800000038,false,encoded,y,0.0150494231,0.015138112,true
6113,0.250980407,0.00800000038,false,encoded,cb,0.0134679563,0.0135419471,true
6113,0.250980407,0.00800000038,false,encoded,cr,0.0152701791,0.0153148724,true
6113,0.250980407,0.0320000015,true,linear,y,0.0318943001,0.031989675,true
6113,0.250980407,0.0320000015,true,linear,cb,6.08752457e-20,3.11728763e-18,true
6113,0.250980407,0.0320000015,true,linear,cr,7.68213298e-20,3.93385138e-18,true
6113,0.250980407,0.0320000015,true,encoded,y,0.0801433921,0.126711473,false
6113,0.250980407,0.0320000015,true,encoded,cb,3.63647958e-19,1.29415335e-17,true
6113,0.250980407,0.0320000015,true,encoded,cr,4.58904398e-19,1.63315281e-17,true
6113,0.250980407,0.0320000015,false,linear,y,0.0241536461,0.0240104645,true
6113,0.250980407,0.0320000015,false,linear,cb,0.0214255694,0.021482287,true
6113,0.250980407,0.0320000015,false,linear,cr,0.0246025547,0.0242760405,true
6113,0.250980407,0.0320000015,false,encoded,y,0.0642828718,0.0949717015,false
6113,0.250980407,0.0320000015,false,encoded,cb,0.0586103871,0.0849037915,false
6113,0.250980407,0.0320000015,false,encoded,cr,0.0649066418,0.0966017395,false
6113,0.250980407,0.064000003,true,linear,y,0.0637886077,0.06397935,true
6113,0.250980407,0.064000003,true,linear,cb,1.10414524e-19,3.94462871e-18,true
6113,0.250980407,0.064000003,true,linear,cr,1.39337269e-19,4.97791171e-18,true
6113,0.250980407,0.064000003,true,encoded,y,0.160832226,0.367145419,false
6113,0.250980407,0.064000003,true,encoded,cb,4.47652984e-19,1.83502789e-17,true
6113,0.250980407,0.064000003,true,encoded,cr,5.64914262e-19,2.31570784e-17,true
6113,0.250980407,0.064000003,false,linear,y,0.0483073182,0.0480209291,true
6113,0.250980407,0.064000003,false,linear,cb,0.0428511389,0.0429645739,true
6113,0.250980407,0.064000003,false,linear,cr,0.0492051058,0.048552081,true
6113,0.250980407,0.064000003,false,encoded,y,0.155340463,0.275248289,false
6113,0.250980407,0.064000003,false,encoded,cb,0.141189143,0.246444553,false
6113,0.250980407,0.064000003,false,encoded,cr,0.150465474,0.279860437,false
6113,0.501960814,0.00100000005,true,linear,y,0.00099669362,0.000999677344,true
6113,0.501960814,0.00100000005,true,linear,cb,2.96338954e-19,1.10161201e-17,true
6113,0.501960814,0.00100000005,true,linear,cr,3.73964012e-19,1.39017578e-17,true
6113,0.501960814,0.00100000005,true,encoded,y,0.00107267627,0.00107474648,true
6113,0.501960814,0.00100000005,true,encoded,cb,3.88198963e-19,2.05767563e-17,true
6113,0.501960814,0.00100000005,true,encoded,cr,4.89886447e-19,2.59667744e-17,true
6113,0.501960814,0.00100000005,false,linear,y,0.00075478811,0.000750326959,true
6113,0.501960814,0.00100000005,false,linear,cb,0.000669550907,0.000671321468,true
6113,0.501960814,0.00100000005,false,linear,cr,0.000768826518,0.000758626265,true
6113,0.501960814,0.00100000005,false,encoded,y,0.000812314509,0.000806671858,true
6113,0.501960814,0.00100000005,false,encoded,cb,0.000718991098,0.000721729943,true
6113,0.501960814,0.00100000005,false,encoded,cr,0.000826843025,0.00081560621,true
6113,0.501960814,0.00800000038,true,linear,y,0.00797358155,0.00799741875,true
6113,0.501960814,0.00800000038,true,linear,cb,3.22977943e-19,1.09639854e-17,true
6113,0.501960814,0.00800000038,true,linear,cr,4.07580994e-19,1.38359672e-17,true
6113,0.501960814,0.00800000038,true,encoded,y,0.00859570224,0.00860415678,true
6113,0.501960814,0.00800000038,true,encoded,cb,2.94850235e-19,2.09721354e-17,true
6113,0.501960814,0.00800000038,true,encoded,cr,3.7208533e-19,2.64657215e-17,true
6113,0.501960814,0.00800000038,false,linear,y,0.0060384036,0.00600261614,true
6113,0.501960814,0.00800000038,false,linear,cb,0.00535639329,0.00537057174,true
6113,0.501960814,0.00800000038,false,linear,cr,0.00615063915,0.00606901012,true
6113,0.501960814,0.00800000038,false,encoded,y,0.00647079013,0.00645792065,true
6113,0.501960814,0.00800000038,false,encoded,cb,0.0057601002,0.00577773852,true
6113,0.501960814,0.00800000038,false,encoded,cr,0.0066005867,0.00653017871,true
6113,0.501960814,0.0320000015,true,linear,y,0.0318942815,0.031989675,true
6113,0.501960814,0.0320000015,true,linear,cb,3.12353119e-19,1.1109967e-17,true
6113,0.501960814,0.0320000015,true,linear,cr,3.94173043e-19,1.40201886e-17,true
6113,0.501960814,0.0320000015,true,encoded,y,0.0343832299,0.0348293334,true
6113,0.501960814,0.0320000015,true,encoded,cb,5.08926853e-19,2.22602707e-17,true
6113,0.501960814,0.0320000015,true,encoded,cr,6.42238692e-19,2.80912819e-17,true
6113,0.501960814,0.0320000015,false,linear,y,0.0241536219,0.0240104645,true
6113,0.501960814,0.0320000015,false,linear,cb,0.0214255638,0.021482287,true
6113,0.501960814,0.0320000015,false,linear,cr,0.0246025417,0.0242760405,true
6113,0.501960814,0.0320000015,false,encoded,y,0.0260406882,0.0261391662,true
6113,0.501960814,0.0320000015,false,encoded,cb,0.0232732035,0.0233834051,true
6113,0.501960814,0.0320000015,false,encoded,cr,0.0263228957,0.0264435578,true
6113,0.501960814,0.064000003,true,linear,y,0.0637885928,0.06397935,true
6113,0.501960814,0.064000003,true,linear,cb,2.93193082e-19,1.17422598e-17,true
6113,0.501960814,0.064000003,true,linear,cr,3.69994114e-19,1.48181085e-17,true
6113,0.501960814,0.064000003,true,encoded,y,0.0687590986,0.0743606165,true
6113,0.501960814,0.064000003,true,encoded,cb,7.25698166e-19,2.36803975e-17,true
6113,0.501960814,0.064000003,true,encoded,cr,9.15792542e-19,2.98834051e-17,true
6113,0.501960814,0.064000003,false,linear,y,0.0483072884,0.0480209291,true
6113,0.501960814,0.064000003,false,linear,cb,0.0428511463,0.0429645739,true
6113,0.501960814,0.064000003,false,linear,cr,0.0492051095,0.048552081,true
6113,0.501960814,0.064000003,false,encoded,y,0.0522907451,0.0557096228,true
6113,0.501960814,0.064000003,false,encoded,cb,0.0470269918,0.04984295,true
6113,0.501960814,0.064000003,false,encoded,cr,0.0528201275,0.0565049462,true
6113,0.784313738,0.00100000005,true,linear,y,0.000996671268,0.000999677344,true
6113,0.784313738,0.00100000005,true,linear,cb,6.50580085e-19,3.53485642e-17,true
6113,0.784313738,0.00100000005,true,linear,cr,8.20997489e-19,4.46080108e-17,true
6113,0.784313738,0.00100000005,true,encoded,y,0.000603684864,0.000605286798,true
6113,0.784313738,0.00100000005,true,encoded,cb,1.05045589e-18,4.33421697e-17,true
6113,0.784313738,0.00100000005,true,encoded,cr,1.32561959e-18,5.46955148e-17,true
6113,0.784313738,0.00100000005,false,linear,y,0.000754781126,0.000750327017,true
6113,0.784313738,0.00100000005,false,linear,cb,0.0006695427,0.000671321468,true
6113,0.784313738,0.00100000005,false,linear,cr,0.000768824888,0.000758626265,true
6113,0.784313738,0.00100000005,false,encoded,y,0.000457409769,0.000454309746,true
6113,0.784313738,0.00100000005,false,encoded,cb,0.00040526106,0.000406472478,true
6113,0.784313738,0.00100000005,false,encoded,cr,0.000465702236,0.000459337316,true
6113,0.784313738,0.00800000038,true,linear,y,0.00797364861,0.00799741875,true
6113,0.784313738,0.00800000038,true,linear,cb,8.19179967e-19,3.54369998e-17,true
6113,0.784313738,0.00800000038,true,linear,cr,1.03376163e-18,4.4719614e-17,true
6113,0.784313738,0.00800000038,true,encoded,y,0.00483239023,0.00484275166,true
6113,0.784313738,0.00800000038,true,encoded,cb,1.07367671e-18,4.32963009e-17,true
6113,0.784313738,0.00800000038,true,encoded,cr,1.35492298e-18,5.4637632e-17,true
6113,0.784313738,0.00800000038,false,linear,y,0.00603842409,0.00600261614,true
6113,0.784313738,0.00800000038,false,linear,cb,0.00535639934,0.00537057174,true
6113,0.784313738,0.00800000038,false,linear,cr,0.00615065079,0.00606901012,true
6113,0.784313738,0.00800000038,false,encoded,y,0.00365611864,0.00363480253,true
6113,0.784313738,0.00800000038,false,encoded,cb,0.0032447027,0.00325203571,true
6113,0.784313738,0.00800000038,false,encoded,cr,0.00372000062,0.00367517793,true
6113,0.784313738,0.0320000015,true,linear,y,0.0318943262,0.031989675,true
6113,0.784313738,0.0320000015,true,linear,cb,7.00547894e-19,3.50884358e-17,true
6113,0.784313738,0.0320000015,true,linear,cr,8.84054243e-19,4.42797458e-17,true
6113,0.784313738,0.0320000015,true,encoded,y,0.0193421412,0.0194012187,true
6113,0.784313738,0.0320000015,true,encoded,cb,1.54986825e-18,4.33300498e-17,true
6113,0.784313738,0.0320000015,true,encoded,cr,1.95585139e-18,5.46802218e-17,true
6113,0.784313738,0.0320000015,false,linear,y,0.0241537225,0.0240104645,true
6113,0.784313738,0.0320000015,false,linear,cb,0.0214255378,0.021482287,true
6113,0.784313738,0.0320000015,false,linear,cr,0.0246025566,0.0242760405,true
6113,0.784313738,0.0320000015,false,encoded,y,0.0145751806,0.0145615814,true
6113,0.784313738,0.0320000015,false,encoded,cb,0.0129960719,0.0130276671,true
6113,0.784313738,0.0320000015,false,encoded,cr,0.0148902992,0.0147254979,true
6113,0.784313738,0.064000003,true,linear,y,0.0637885705,0.06397935,true
6113,0.784313738,0.064000003,true,linear,cb,7.95709699e-19,3.44875916e-17,true
6113,0.784313738,0.064000003,true,linear,cr,1.00414339e-18,4.35215091e-17,true
6113,0.784313738,0.064000003,true,encoded,y,0.0386606976,0.0390048996,true
6113,0.784313738,0.064000003,true,encoded,cb,1.03884558e-18,4.31390538e-17,true
6113,0.784313738,0.064000003,true,encoded,cr,1.31096795e-18,5.44391946e-17,true
6113,0.784313738,0.064000003,false,linear,y,0.0483074188,0.0480209291,true
6113,0.784313738,0.064000003,false,linear,cb,0.0428511463,0.0429645739,true
6113,0.784313738,0.064000003,false,linear,cr,0.0492051542,0.048552081,true
6113,0.784313738,0.064000003,false,encoded,y,0.0292708166,0.0292739794,true
6113,0.784313738,0.064000003,false,encoded,cb,0.0260813013,0.0261888374,true
6113,0.784313738,0.064000003,false,encoded,cr,0.029683724,0.0296099279,true
6113,0.941176474,0.00100000005,true,linear,y,0.000996671151,0.000999677344,true
6113,0.941176474,0.00100000005,true,linear,cb,1.46343915e-18,4.26969059e-17,true
6113,0.941176474,0.00100000005,true,linear,cr,1.84678246e-18,5.38812282e-17,true
6113,0.941176474,0.00100000005,true,encoded,y,0.000474891451,0.000476194225,true
6113,0.941176474,0.00100000005,true,encoded,cb,1.24700052e-18,4.29737997e-17,true
6113,0.941176474,0.00100000005,true,encoded,cr,1.57364846e-18,5.42306525e-17,true
6113,0.941176474,0.00100000005,false,linear,y,0.000754781009,0.000750327017,true
6113,0.941176474,0.00100000005,false,linear,cb,0.000669542409,0.000671321468,true
6113,0.941176474,0.00100000005,false,linear,cr,0.000768825063,0.000758626265,true
6113,0.941176474,0.00100000005,false,encoded,y,0.000359738042,0.000357416749,true
6113,0.941176474,0.00100000005,false,encoded,cb,0.000318816223,0.000319782237,true
6113,0.941176474,0.00100000005,false,encoded,cr,0.000366320077,0.000361371465,true
6113,0.941176474,0.00800000038,true,linear,y,0.00797364861,0.00799741875,true
6113,0.941176474,0.00800000038,true,linear,cb,1.40801546e-18,4.3013415e-17,true
6113,0.941176474,0.00800000038,true,linear,cr,1.77684082e-18,5.4280644e-17,true
6113,0.941176474,0.00800000038,true,encoded,y,0.00380012393,0.00380970305,true
6113,0.941176474,0.00800000038,true,encoded,cb,1.38110201e-18,4.29747063e-17,true
6113,0.941176474,0.00800000038,true,encoded,cr,1.74287741e-18,5.42317973e-17,true
6113,0.941176474,0.00800000038,false,linear,y,0.00603842456,0.00600261614,true
6113,0.941176474,0.00800000038,false,linear,cb,0.00535639981,0.00537057174,true
6113,0.941176474,0.00800000038,false,linear,cr,0.00615065079,0.00606901012,true
6113,0.941176474,0.00800000038,false,encoded,y,0.00287670107,0.00285943667,true
6113,0.941176474,0.00800000038,false,encoded,cb,0.00254924735,0.00255833147,true
6113,0.941176474,0.00800000038,false,encoded,cr,0.0029281131,0.00289115356,true
6113,0.941176474,0.0320000015,true,linear,y,0.0318943262,0.031989675,true
6113,0.941176474,0.0320000015,true,linear,cb,1.438422e-18,4.30634958e-17,true
6113,0.941176474,0.0320000015,true,linear,cr,1.81521229e-18,5.43438439e-17,true
6113,0.941176474,0.0320000015,true,encoded,y,0.0152292708,0.0152490931,true
6113,0.941176474,0.0320000015,true,encoded,cb,1.34394216e-18,4.3011218e-17,true
6113,0.941176474,0.0320000015,true,encoded,cr,1.69598371e-18,5.42778746e-17,true
6113,0.941176474,0.0320000015,false,linear,y,0.0241537225,0.0240104645,true
6113,0.941176474,0.0320000015,false,linear,cb,0.0214255732,0.021482287,true
6113,0.941176474,0.0320000015,false,linear,cr,0.0246025566,0.0242760405,true
6113,0.941176474,0.0320000015,false,encoded,y,0.0114597296,0.0114453165,true
6113,0.941176474,0.0320000015,false,encoded,cb,0.0102081029,0.0102398461,true
6113,0.941176474,0.0320000015,false,encoded,cr,0.0116917351,0.0115733761,true
6113,0.941176474,0.064000003,true,linear,y,0.0637885705,0.06397935,true
6113,0.941176474,0.064000003,true,linear,cb,1.13741729e-18,4.31108734e-17,true
6113,0.941176474,0.064000003,true,linear,cr,1.43536019e-18,5.44036325e-17,true
6113,0.941176474,0.064000003,true,encoded,y,0.0304085314,0.0305661839,true
6113,0.941176474,0.064000003,true,encoded,cb,1.14526837e-18,4.31021351e-17,true
6113,0.941176474,0.064000003,true,encoded,cr,1.44526796e-18,5.43926078e-17,true
6113,0.941176474,0.064000003,false,linear,y,0.0483074263,0.0480209291,true
6113,0.941176474,0.064000003,false,linear,cb,0.0428511463,0.0429645739,true
6113,0.941176474,0.064000003,false,linear,cr,0.0492051542,0.048552081,true
6113,0.941176474,0.064000003,false,encoded,y,0.0229680929,0.0229411833,true
6113,0.941176474,0.064000003,false,encoded,cb,0.0204435568,0.0205242168,true
6113,0.941176474,0.064000003,false,encoded,cr,0.0233937055,0.0232009962,true
92821,0.0627451017,0.00100000005,true,linear,y,0.00100325036,0.00100105838,true
92821,0.0627451017,0.00100000005,true,linear,cb,8.05100545e-21,3.02263531e-19,true
92821,0.0627451017,0.00100000005,true,linear,cr,1.01599412e-20,3.8144051e-19,true
92821,0.0627451017,0.00100000005,true,encoded,y,0.0093619395,0.0096985139,true
92821,0.0627451017,0.00100000005,true,encoded,cb,5.71640352e-20,3.1853282e-18,true
92821,0.0627451017,0.00100000005,true,encoded,cr,7.21379753e-20,4.01971479e-18,true
92821,0.0627451017,0.00100000005,false,linear,y,0.000755275192,0.000750374864,true
92821,0.0627451017,0.00100000005,false,linear,cb,0.000676954922,0.000674688141,true
92821,0.0627451017,0.00100000005,false,linear,cr,0.0007612849,0.000759731571,true
92821,0.0627451017,0.00100000005,false,encoded,y,0.00716072973,0.00726885768,true
92821,0.0627451017,0.00100000005,false,encoded,cb,0.00648248708,0.0065358663,true
92821,0.0627451017,0.00100000005,false,encoded,cr,0.00719590764,0.00735738873,true
92821,0.0627451017,0.00800000038,true,linear,y,0.00802602619,0.00800846703,true
92821,0.0627451017,0.00800000038,true,linear,cb,1.30196621e-20,4.58660431e-19,true
92821,0.0627451017,0.00800000038,true,linear,cr,1.64301221e-20,5.78805106e-19,true
92821,0.0627451017,0.00800000038,true,encoded,y,0.07237304,0.0776831135,true
92821,0.0627451017,0.00800000038,true,encoded,cb,8.84891453e-20,4.34047145e-18,true
92821,0.0627451017,0.00800000038,true,encoded,cr,1.11668607e-19,5.47744443e-18,true
92821,0.0627451017,0.00800000038,false,linear,y,0.00604220945,0.00600299891,true
92821,0.0627451017,0.00800000038,false,linear,cb,0.00541564077,0.00539750513,true
92821,0.0627451017,0.00800000038,false,linear,cr,0.00609027827,0.00607785257,true
92821,0.0627451017,0.00800000038,false,encoded,y,0.0563323684,0.0582101271,true
92821,0.0627451017,0.00800000038,false,encoded,cb,0.0493212864,0.0523485281,true
92821,0.0627451017,0.00800000038,false,encoded,cr,0.0553269498,0.0588966869,true
92821,0.0627451017,0.0320000015,true,linear,y,0.0321040489,0.0320338681,true
92821,0.0627451017,0.0320000015,true,linear,cb,3.54124938e-20,1.42790575e-18,true
92821,0.0627451017,0.0320000015,true,linear,cr,4.46886879e-20,1.80194121e-18,true
92821,0.0627451017,0.0320000015,true,encoded,y,0.22625415,0.287057132,false
92821,0.0627451017,0.0320000015,true,encoded,cb,4.62838675e-19,1.28005505e-17,true
92821,0.0627451017,0.0320000015,true,encoded,cr,5.84077814e-19,1.61536148e-17,true
92821,0.0627451017,0.0320000015,false,linear,y,0.0241688397,0.0240119956,true
92821,0.0627451017,0.0320000015,false,linear,cb,0.0216625594,0.0215900205,true
92821,0.0627451017,0.0320000015,false,linear,cr,0.0243611168,0.0243114103,true
92821,0.0627451017,0.0320000015,false,encoded,y,0.195208013,0.215082228,true
92821,0.0627451017,0.0320000015,false,encoded,cb,0.170633867,0.193423614,false
92821,0.0627451017,0.0320000015,false,encoded,cr,0.190998256,0.217554018,false
92821,0.0627451017,0.064000003,true,linear,y,0.0642080829,0.0640677363,true
92821,0.0627451017,0.064000003,true,linear,cb,7.9747339e-20,2.81390983e-18,true
92821,0.0627451017,0.064000003,true,linear,cr,1.00636907e-19,3.55100489e-18,true
92821,0.0627451017,0.064000003,true,encoded,y,0.369650215,0.551555574,false
92821,0.0627451017,0.064000003,true,encoded,cb,6.92522123e-19,2.48874096e-17,true
92821,0.0627451017,0.064000003,true,encoded,cr,8.7392614e-19,3.14065887e-17,true
92821,0.0627451017,0.064000003,false,linear,y,0.0483376645,0.0480239913,true
92821,0.0627451017,0.064000003,false,linear,cb,0.0433251262,0.043180041,true
92821,0.0627451017,0.064000003,false,linear,cr,0.0487222336,0.0486228205,true
92821,0.0627451017,0.064000003,false,encoded,y,0.355123371,0.413255334,false
92821,0.0627451017,0.064000003,false,encoded,cb,0.316132307,0.371635735,false
92821,0.0627451017,0.064000003,false,encoded,cr,0.351520926,0.417938203,false
92821,0.117647059,0.00100000005,true,linear,y,0.00100324966,0.00100105838,true
92821,0.117647059,0.00100000005,true,linear,cb,2.21437074e-20,6.84785089e-19,true
92821,0.117647059,0.00100000005,true,linear,cr,2.79441838e-20,8.64162462e-19,true
92821,0.117647059,0.00100000005,true,encoded,y,0.0055516758,0.00556798792,true
92821,0.117647059,0.00100000005,true,encoded,cb,1.06289801e-19,5.3716501e-18,true
92821,0.117647059,0.00100000005,true,encoded,cr,1.3413208e-19,6.77873726e-18,true
92821,0.117647059,0.00100000005,false,linear,y,0.000755274319,0.000750374864,true
92821,0.117647059,0.00100000005,false,linear,cb,0.000676954864,0.000674688141,true
92821,0.117647059,0.00100000005,false,linear,cr,0.00076128525,0.000759731571,true
92821,0.117647059,0.00100000005,false,encoded,y,0.00416587293,0.00417343946,true
92821,0.117647059,0.00100000005,false,encoded,cb,0.00376235927,0.00375255616,true
92821,0.117647059,0.00100000005,false,encoded,cr,0.00421601441,0.00422506453,true
92821,0.117647059,0.00800000038,true,linear,y,0.00802602526,0.00800846703,true
92821,0.117647059,0.00800000038,true,linear,cb,1.61107076e-20,7.82876664e-19,true
92821,0.117647059,0.00800000038,true,linear,cr,2.03308571e-20,9.87948851e-19,true
92821,0.117647059,0.00800000038,true,encoded,y,0.0441473462,0.0549093857,false
92821,0.117647059,0.00800000038,true,encoded,cb,1.32044069e-19,6.19897133e-18,true
92821,0.117647059,0.00800000038,true,encoded,cr,1.66632613e-19,7.82277278e-18,true
92821,0.117647059,0.00800000038,false,linear,y,0.00604220852,0.00600299891,true
92821,0.117647059,0.00800000038,false,linear,cb,0.00541563937,0.00539750513,true
92821,0.117647059,0.00800000038,false,linear,cr,0.0060902792,0.00607785257,true
92821,0.117647059,0.00800000038,false,encoded,y,0.0346686468,0.0411214978,false
92821,0.117647059,0.00800000038,false,encoded,cb,0.0318926722,0.0369821563,false
92821,0.117647059,0.00800000038,false,encoded,cr,0.0355690047,0.041617088,false
92821,0.117647059,0.0320000015,true,linear,y,0.0321040526,0.0320338681,true
92821,0.117647059,0.0320000015,true,linear,cb,4.41313652e-20,1.56919368e-18,true
92821,0.117647059,0.0320000015,true,linear,cr,5.56914405e-20,1.98023916e-18,true
92821,0.117647059,0.0320000015,true,encoded,y,0.173000351,0.258183062,false
92821,0.117647059,0.0320000015,true,encoded,cb,4.92241741e-19,1.17995246e-17,true
92821,0.117647059,0.0320000015,true,encoded,cr,6.21182913e-19,1.48903727e-17,true
92821,0.117647059,0.0320000015,false,linear,y,0.0241688378,0.0240119956,true
92821,0.117647059,0.0320000015,false,linear,cb,0.0216625612,0.0215900205,true
92821,0.117647059,0.0320000015,false,linear,cr,0.0243611168,0.0243114103,true
92821,0.117647059,0.0320000015,false,encoded,y,0.155417159,0.193424672,false
92821,0.117647059,0.0320000015,false,encoded,cb,0.140755653,0.173961401,false
92821,0.117647059,0.0320000015,false,encoded,cr,0.153236523,0.195630714,false
92821,0.117647059,0.064000003,true,linear,y,0.0642080829,0.0640677363,true
92821,0.117647059,0.064000003,true,linear,cb,9.81328369e-20,2.89355533e-18,true
92821,0.117647059,0.064000003,true,linear,cr,1.23838424e-19,3.65151313e-18,true
92821,0.117647059,0.064000003,true,encoded,y,0.308689117,0.521003067,false
92821,0.117647059,0.064000003,true,encoded,cb,9.26465344e-19,2.34637225e-17,true
92821,0.117647059,0.064000003,true,encoded,cr,1.16915011e-18,2.96099723e-17,true
92821,0.117647059,0.064000003,false,linear,y,0.0483376682,0.0480239913,true
92821,0.117647059,0.064000003,false,linear,cb,0.0433251224,0.043180041,true
92821,0.117647059,0.064000003,false,linear,cr,0.0487222336,0.0486228205,true
92821,0.117647059,0.064000003,false,encoded,y,0.309115797,0.39034453,false
92821,0.117647059,0.064000003,false,encoded,cb,0.280169815,0.351045758,false
92821,0.117647059,0.064000003,false,encoded,cr,0.307073176,0.394743145,false
92821,0.250980407,0.00100000005,true,linear,y,0.00100324955,0.00100105838,true
92821,0.250980407,0.00100000005,true,linear,cb,7.17996714e-20,2.75514547e-18,true
92821,0.250980407,0.00100000005,true,linear,cr,9.06073739e-20,3.47684732e-18,true
92821,0.250980407,0.00100000005,true,encoded,y,0.00248764898,0.00248999847,true
92821,0.250980407,0.00100000005,true,encoded,cb,2.3081852e-19,1.06584935e-17,true
92821,0.250980407,0.00100000005,true,encoded,cr,2.91280718e-19,1.34504522e-17,true
92821,0.250980407,0.00100000005,false,linear,y,0.000755278685,0.000750374864,true
92821,0.250980407,0.00100000005,false,linear,cb,0.000676957541,0.000674688141,true
92821,0.250980407,0.00100000005,false,linear,cr,0.000761288975,0.000759731571,true
92821,0.250980407,0.00100000005,false,encoded,y,0.0018796419,0.00186643202,true
92821,0.250980407,0.00100000005,false,encoded,cb,0.00168495835,0.00167818391,true
92821,0.250980407,0.00100000005,false,encoded,cr,0.00189453748,0.00188965595,true
92821,0.250980407,0.00800000038,true,linear,y,0.0080260234,0.00800846703,true
92821,0.250980407,0.00800000038,true,linear,cb,4.63624781e-20,2.7346072e-18,true
92821,0.250980407,0.00800000038,true,linear,cr,5.85069888e-20,3.45092907e-18,true
92821,0.250980407,0.00800000038,true,encoded,y,0.0198941026,0.0202047098,true
92821,0.250980407,0.00800000038,true,encoded,cb,2.44682765e-19,1.14634494e-17,true
92821,0.250980407,0.00800000038,true,encoded,cr,3.08776674e-19,1.44662639e-17,true
92821,0.250980407,0.00800000038,false,linear,y,0.00604221225,0.00600299891,true
92821,0.250980407,0.00800000038,false,linear,cb,0.00541563937,0.00539750513,true
92821,0.250980407,0.00800000038,false,linear,cr,0.0060902792,0.00607785257,true
92821,0.250980407,0.00800000038,false,encoded,y,0.0150981266,0.0151413968,true
92821,0.250980407,0.00800000038,false,encoded,cb,0.0134967156,0.0136145875,true
92821,0.250980407,0.00800000038,false,encoded,cr,0.0152284931,0.015329551,true
92821,0.250980407,0.0320000015,true,linear,y,0.0321040489,0.0320338681,true
92821,0.250980407,0.0320000015,true,linear,cb,6.2430132e-20,3.12756183e-18,true
92821,0.250980407,0.0320000015,true,linear,cr,7.8783512e-20,3.94681702e-18,true
92821,0.250980407,0.0320000015,true,encoded,y,0.0799234509,0.127280369,false
92821,0.250980407,0.0320000015,true,encoded,cb,2.83047066e-19,1.29028777e-17,true
92821,0.250980407,0.0320000015,true,encoded,cr,3.57190366e-19,1.6282746e-17,true
92821,0.250980407,0.0320000015,false,linear,y,0.0241688415,0.0240119956,true
92821,0.250980407,0.0320000015,false,linear,cb,0.0216625575,0.0215900205,true
92821,0.250980407,0.0320000015,false,linear,cr,0.0243611168,0.0243114103,true
92821,0.250980407,0.0320000015,false,encoded,y,0.0642056838,0.0951832309,false
92821,0.250980407,0.0320000015,false,encoded,cb,0.0585891604,0.0855949372,false
92821,0.250980407,0.0320000015,false,encoded,cr,0.0647319257,0.0963852331,false
92821,0.250980407,0.064000003,true,linear,y,0.0642080829,0.0640677363,true
92821,0.250980407,0.064000003,true,linear,cb,1.12108719e-19,3.95749882e-18,true
92821,0.250980407,0.064000003,true,linear,cr,1.41475246e-19,4.99415341e-18,true
92821,0.250980407,0.064000003,true,encoded,y,0.157872349,0.368432969,false
92821,0.250980407,0.064000003,true,encoded,cb,4.20337231e-19,1.8346952e-17,true
92821,0.250980407,0.064000003,true,encoded,cr,5.30443268e-19,2.31528796e-17,true
92821,0.250980407,0.064000003,false,linear,y,0.0483376756,0.0480239913,true
92821,0.250980407,0.064000003,false,linear,cb,0.0433251224,0.043180041,true
92821,0.250980407,0.064000003,false,linear,cr,0.0487222336,0.0486228205,true
92821,0.250980407,0.064000003,false,encoded,y,0.156546801,0.275810778,false
92821,0.250980407,0.064000003,false,encoded,cb,0.142339364,0.248059049,false
92821,0.250980407,0.064000003,false,encoded,cr,0.149085477,0.279017419,false
92821,0.501960814,0.00100000005,true,linear,y,0.00100323872,0.00100105838,true
92821,0.501960814,0.00100000005,true,linear,cb,3.09396465e-19,1.10093612e-17,true
92821,0.501960814,0.00100000005,true,linear,cr,3.90441915e-19,1.38932296e-17,true
92821,0.501960814,0.00100000005,true,encoded,y,0.00107873208,0.00107623881,true
92821,0.501960814,0.00100000005,true,encoded,cb,2.57058292e-19,2.04903623e-17,true
92821,0.501960814,0.00100000005,true,encoded,cr,3.24393922e-19,2.58577487e-17,true
92821,0.501960814,0.00100000005,false,linear,y,0.000755267392,0.000750374864,true
92821,0.501960814,0.00100000005,false,linear,cb,0.000676950964,0.000674688141,true
92821,0.501960814,0.00100000005,false,linear,cr,0.000761282688,0.000759731513,true
92821,0.501960814,0.00100000005,false,encoded,y,0.000812660903,0.000806726282,true
92821,0.501960814,0.00100000005,false,encoded,cb,0.000727376027,0.000725356687,true
92821,0.501960814,0.00100000005,false,encoded,cr,0.000819052686,0.000816780492,true
92821,0.501960814,0.00800000038,true,linear,y,0.00802602991,0.00800846703,true
92821,0.501960814,0.00800000038,true,linear,cb,2.77201794e-19,1.09713969e-17,true
92821,0.501960814,0.00800000038,true,linear,cr,3.49813957e-19,1.3845321e-17,true
92821,0.501960814,0.00800000038,true,encoded,y,0.00862246659,0.00861659832,true
92821,0.501960814,0.00800000038,true,encoded,cb,3.68072082e-19,2.0954083e-17,true
92821,0.501960814,0.00800000038,true,encoded,cr,4.64487453e-19,2.64429392e-17,true
92821,0.501960814,0.00800000038,false,linear,y,0.00604221318,0.00600299891,true
92821,0.501960814,0.00800000038,false,linear,cb,0.00541563751,0.00539750513,true
92821,0.501960814,0.00800000038,false,linear,cr,0.00609027734,0.00607785257,true
92821,0.501960814,0.00800000038,false,encoded,y,0.00649326434,0.00645852555,true
92821,0.501960814,0.00800000038,false,encoded,cb,0.00582650397,0.00580715341,true
92821,0.501960814,0.00800000038,false,encoded,cr,0.00653551193,0.0065389215,true
92821,0.501960814,0.0320000015,true,linear,y,0.0321040452,0.0320338681,true
92821,0.501960814,0.0320000015,true,linear,cb,2.42154436e-19,1.11277307e-17,true
92821,0.501960814,0.0320000015,true,linear,cr,3.05586057e-19,1.40426052e-17,true
92821,0.501960814,0.0320000015,true,encoded,y,0.0345133282,0.0348873362,true
92821,0.501960814,0.0320000015,true,encoded,cb,4.58526531e-19,2.21930507e-17,true
92821,0.501960814,0.0320000015,true,encoded,cr,5.78636155e-19,2.80064529e-17,true
92821,0.501960814,0.0320000015,false,linear,y,0.0241688341,0.0240119956,true
92821,0.501960814,0.0320000015,false,linear,cb,0.0216625575,0.0215900205,true
92821,0.501960814,0.0320000015,false,linear,cr,0.0243611168,0.0243114103,true
92821,0.501960814,0.0320000015,false,encoded,y,0.02608357,0.0261445958,true
92821,0.501960814,0.0320000015,false,encoded,cb,0.0233201347,0.0235083178,true
92821,0.501960814,0.0320000015,false,encoded,cr,0.0262984242,0.0264697652,true
92821,0.501960814,0.064000003,true,linear,y,0.0642080978,0.0640677363,true
92821,0.501960814,0.064000003,true,linear,cb,2.39206106e-19,1.17606083e-17,true
92821,0.501960814,0.064000003,true,linear,cr,3.01865399e-19,1.4841263e-17,true
92821,0.501960814,0.064000003,true,encoded,y,0.0691492707,0.0744989663,true
92821,0.501960814,0.064000003,true,encoded,cb,5.08694001e-19,2.3619747e-17,true
92821,0.501960814,0.064000003,true,encoded,cr,6.41944785e-19,2.98068677e-17,true
92821,0.501960814,0.064000003,false,linear,y,0.0483376645,0.0480239913,true
92821,0.501960814,0.064000003,false,linear,cb,0.0433251448,0.043180041,true
92821,0.501960814,0.064000003,false,linear,cr,0.0487222224,0.0486228205,true
92821,0.501960814,0.064000003,false,encoded,y,0.0522813313,0.0557835884,true
92821,0.501960814,0.064000003,false,encoded,cb,0.0473448448,0.0500756763,true
92821,0.501960814,0.064000003,false,encoded,cr,0.0530331582,0.0565364063,true
92821,0.784313738,0.00100000005,true,linear,y,0.001003396,0.00100105826,true
92821,0.784313738,0.00100000005,true,linear,cb,6.92829834e-19,3.53514131e-17,true
92821,0.784313738,0.00100000005,true,linear,cr,8.74314501e-19,4.46116074e-17,true
92821,0.784313738,0.00100000005,true,encoded,y,0.000607589609,0.000606124639,true
92821,0.784313738,0.00100000005,true,encoded,cb,1.69025724e-18,4.32426665e-17,true
92821,0.784313738,0.00100000005,true,encoded,cr,2.13301487e-18,5.45699487e-17,true
92821,0.784313738,0.00100000005,false,linear,y,0.000755276182,0.000750374864,true
92821,0.784313738,0.00100000005,false,linear,cb,0.000676972501,0.000674688024,true
92821,0.784313738,0.00100000005,false,linear,cr,0.000761260162,0.000759731571,true
92821,0.784313738,0.00100000005,false,encoded,y,0.000457552291,0.000454339286,true
92821,0.784313738,0.00100000005,false,encoded,cb,0.000409518485,0.000408512453,true
92821,0.784313738,0.00100000005,false,encoded,cr,0.000461105345,0.000460003532,true
92821,0.784313738,0.00800000038,true,linear,y,0.00802615751,0.00800846703,true
92821,0.784313738,0.00800000038,true,linear,cb,8.12393363e-19,3.54487987e-17,true
92821,0.784313738,0.00800000038,true,linear,cr,1.02519731e-18,4.47344999e-17,true
92821,0.784313738,0.00800000038,true,encoded,y,0.00485787215,0.00484955823,true
92821,0.784313738,0.00800000038,true,encoded,cb,1.35425514e-18,4.3232469e-17,true
92821,0.784313738,0.00800000038,true,encoded,cr,1.70899806e-18,5.45570778e-17,true
92821,0.784313738,0.00800000038,false,linear,y,0.00604218571,0.00600299891,true
92821,0.784313738,0.00800000038,false,linear,cb,0.00541562028,0.00539750513,true
92821,0.784313738,0.00800000038,false,linear,cr,0.00609021308,0.00607785257,true
92821,0.784313738,0.00800000038,false,encoded,y,0.00365751912,0.00363507378,true
92821,0.784313738,0.00800000038,false,encoded,cb,0.00327443122,0.00326843583,true
92821,0.784313738,0.00800000038,false,encoded,cr,0.00368784717,0.00368036982,true
92821,0.784313738,0.0320000015,true,linear,y,0.0321042016,0.0320338681,true
92821,0.784313738,0.0320000015,true,linear,cb,6.13885939e-19,3.51222046e-17,true
92821,0.784313738,0.0320000015,true,linear,cr,7.74691505e-19,4.43223555e-17,true
92821,0.784313738,0.0320000015,true,encoded,y,0.0194026642,0.0194299351,true
92821,0.784313738,0.0320000015,true,encoded,cb,1.16882182e-18,4.32923006e-17,true
92821,0.784313738,0.0320000015,true,encoded,cr,1.47499114e-18,5.46325862e-17,true
92821,0.784313738,0.0320000015,false,linear,y,0.0241689216,0.0240119956,true
92821,0.784313738,0.0320000015,false,linear,cb,0.02166255,0.0215900205,true
92821,0.784313738,0.0320000015,false,linear,cr,0.0243611094,0.0243114103,true
92821,0.784313738,0.0320000015,false,encoded,y,0.0146295363,0.0145631758,true
92821,0.784313738,0.0320000015,false,encoded,cb,0.013105955,0.0130944885,true
92821,0.784313738,0.0320000015,false,encoded,cr,0.0147350105,0.0147443982,true
92821,0.784313738,0.064000003,true,linear,y,0.0642081574,0.0640677363,true
92821,0.784313738,0.064000003,true,linear,cb,6.84396521e-19,3.44995163e-17,true
92821,0.784313738,0.064000003,true,linear,cr,8.63672047e-19,4.35365571e-17,true
92821,0.784313738,0.064000003,true,encoded,y,0.0388011001,0.039066799,true
92821,0.784313738,0.064000003,true,encoded,cb,9.91239686e-19,4.3255683e-17,true
92821,0.784313738,0.064000003,true,encoded,cr,1.25089189e-18,5.45863732e-17,true
92821,0.784313738,0.064000003,false,linear,y,0.048337698,0.0480239913,true
92821,0.784313738,0.064000003,false,linear,cb,0.0433250628,0.043180041,true
92821,0.784313738,0.064000003,false,linear,cr,0.048722256,0.0486228205,true
92821,0.784313738,0.064000003,false,encoded,y,0.0293290094,0.0292787664,true
92821,0.784313738,0.064000003,false,encoded,cb,0.026258342,0.0263263918,true
92821,0.784313738,0.064000003,false,encoded,cr,0.0295519065,0.0296428148,true
92821,0.941176474,0.00100000005,true,linear,y,0.001003396,0.00100105826,true
92821,0.941176474,0.00100000005,true,linear,cb,1.10561354e-18,4.27134131e-17,true
92821,0.941176474,0.00100000005,true,linear,cr,1.39522549e-18,5.39020599e-17,true
92821,0.941176474,0.00100000005,true,encoded,y,0.000478032744,0.000476852729,true
92821,0.941176474,0.00100000005,true,encoded,cb,1.27261655e-18,4.30291645e-17,true
92821,0.941176474,0.00100000005,true,encoded,cr,1.60597457e-18,5.43005228e-17,true
92821,0.941176474,0.00100000005,false,linear,y,0.000755276065,0.000750374864,true
92821,0.941176474,0.00100000005,false,linear,cb,0.000676972559,0.000674688024,true
92821,0.941176474,0.00100000005,false,linear,cr,0.000761260046,0.000759731571,true
92821,0.941176474,0.00100000005,false,encoded,y,0.000359937898,0.000357439887,true
92821,0.941176474,0.00100000005,false,encoded,cb,0.000322298234,0.000321386673,true
92821,0.941176474,0.00100000005,false,encoded,cr,0.000362712162,0.000361896266,true
92821,0.941176474,0.00800000038,true,linear,y,0.00802615751,0.00800846703,true
92821,0.941176474,0.00800000038,true,linear,cb,1.29490586e-18,4.29214954e-17,true
92821,0.941176474,0.00800000038,true,linear,cr,1.63410243e-18,5.41646468e-17,true
92821,0.941176474,0.00800000038,true,encoded,y,0.00382280746,0.00381502672,true
92821,0.941176474,0.00800000038,true,encoded,cb,1.01259749e-18,4.29678704e-17,true
92821,0.941176474,0.00800000038,true,encoded,cr,1.27784422e-18,5.42231682e-17,true
92821,0.941176474,0.00800000038,false,linear,y,0.00604218524,0.00600299891,true
92821,0.941176474,0.00800000038,false,linear,cb,0.00541562028,0.00539750513,true
92821,0.941176474,0.00800000038,false,linear,cr,0.00609021308,0.00607785257,true
92821,0.941176474,0.00800000038,false,encoded,y,0.00287977769,0.0028596397,true
92821,0.941176474,0.00800000038,false,encoded,cb,0.00257479982,0.00257120887,true
92821,0.941176474,0.00800000038,false,encoded,cr,0.00289928773,0.00289528095,true
92821,0.941176474,0.0320000015,true,linear,y,0.0321042016,0.0320338681,true
92821,0.941176474,0.0320000015,true,linear,cb,1.1659941e-18,4.30583342e-17,true
92821,0.941176474,0.0320000015,true,linear,cr,1.47142268e-18,5.43373323e-17,true
92821,0.941176474,0.0320000015,true,encoded,y,0.0152914021,0.0152711486,true
92821,0.941176474,0.0320000015,true,encoded,cb,1.52045971e-18,4.2970716e-17,true
92821,0.941176474,0.0320000015,true,encoded,cr,1.91873952e-18,5.42267614e-17,true
92821,0.941176474,0.0320000015,false,linear,y,0.0241689235,0.0240119956,true
92821,0.941176474,0.0320000015,false,linear,cb,0.02166255,0.0215900205,true
92821,0.941176474,0.0320000015,false,linear,cr,0.0243611094,0.0243114103,true
92821,0.941176474,0.0320000015,false,encoded,y,0.0115095209,0.0114463856,true
92821,0.941176474,0.0320000015,false,encoded,cb,0.0103218155,0.0102919647,true
92821,0.941176474,0.0320000015,false,encoded,cr,0.0115846004,0.0115889059,true
92821,0.941176474,0.064000003,true,linear,y,0.0642081648,0.0640677363,true
92821,0.941176474,0.064000003,true,linear,cb,1.15561464e-18,4.32233898e-17,true
92821,0.941176474,0.064000003,true,linear,cr,1.45832428e-18,5.4545623e-17,true
92821,0.941176474,0.064000003,true,encoded,y,0.0305370949,0.0306124594,true
92821,0.941176474,0.064000003,true,encoded,cb,1.07613851e-18,4.29902573e-17,true
92821,0.941176474,0.064000003,true,encoded,cr,1.35802956e-18,5.42514213e-17,true
92821,0.941176474,0.064000003,false,linear,y,0.048337698,0.0480239913,true
92821,0.941176474,0.064000003,false,linear,cb,0.0433251113,0.043180041,true
92821,0.941176474,0.064000003,false,linear,cr,0.048722256,0.0486228205,true
92821,0.941176474,0.064000003,false,encoded,y,0.0230102707,0.0229440723,true
92821,0.941176474,0.064000003,false,encoded,cb,0.0206951834,0.020630287,true
92821,0.941176474,0.064000003,false,encoded,cr,0.0231761299,0.0232294817,true
