chroma,brightness,sigma,detail,step,selected,unsupported_reason,baseline_loss,best_loss,selected_loss,max_noise_ratio,max_clean_error,max_bias,feasible_candidates
True,0.062745101749897,0.0010000000474974513,50.0,1.0,94,,0.9999994840916983,0.042867063821404115,0.044861402234180364,0.16708899452830506,0.0,0.0,29
True,0.062745101749897,0.0020000000949949026,50.0,1.0,100,,0.9999998465107972,0.026229888699438413,0.026229888699438413,0.14109256615373564,0.0,0.0,25
True,0.062745101749897,0.004000000189989805,50.0,1.0,100,,0.9999999442211719,0.03611492156055442,0.03611492156055442,0.1957894705176226,0.0,0.0,25
True,0.062745101749897,0.00800000037997961,50.0,1.0,100,,0.9999999771529734,0.12373197128215703,0.12373197128215703,0.3756984181542403,0.0,0.0,25
True,0.062745101749897,0.012000000104308128,50.0,1.0,100,,0.9999999854479363,0.20539624387655647,0.20539624387655647,0.4941914268996991,0.0,0.0,25
True,0.062745101749897,0.01600000075995922,50.0,1.0,100,,0.9999999891450498,0.28212824881100873,0.28212824881100873,0.5794851866289923,0.0,0.0,25
True,0.062745101749897,0.03200000151991844,50.0,1.0,100,,0.9999999943925624,0.5445285675660028,0.5445285675660028,0.7843014775762754,0.0,0.0,25
True,0.062745101749897,0.06400000303983688,50.0,1.0,,,0.9999999970353165,0.8112233986695705,,,,,29
True,0.062745101749897,0.09600000083446503,50.0,1.0,,,0.9999999979489884,0.9069630429744362,,,,,33
True,0.062745101749897,0.12800000607967377,50.0,1.0,,,0.9999999984185466,0.9464326160473779,,,,,33
True,0.062745101749897,0.0010000000474974513,50.0,2.0,87,,0.9999994840916983,0.09823491523833092,0.10181173274970143,0.20669258751493635,0.0,0.0,33
True,0.062745101749897,0.0020000000949949026,50.0,2.0,98,,0.9999998465107972,0.04761404820769054,0.04979412344408041,0.1754055654600404,0.0,0.0,25
True,0.062745101749897,0.004000000189989805,50.0,2.0,100,,0.9999999442211719,0.04283278272981833,0.04283278272981833,0.19050923413945428,0.0,0.0,25
True,0.062745101749897,0.00800000037997961,50.0,2.0,100,,0.9999999771529734,0.12773687948051352,0.12773687948051352,0.38479341950091167,0.0,0.0,25
True,0.062745101749897,0.012000000104308128,50.0,2.0,100,,0.9999999854479363,0.21246783295270363,0.21246783295270363,0.5099074726102184,0.0,0.0,25
True,0.062745101749897,0.01600000075995922,50.0,2.0,100,,0.9999999891450498,0.28683707826581695,0.28683707826581695,0.590213885009275,0.0,0.0,25
True,0.062745101749897,0.03200000151991844,50.0,2.0,100,,0.9999999943925624,0.5452309728810867,0.5452309728810867,0.7811275029495591,0.0,0.0,25
True,0.062745101749897,0.06400000303983688,50.0,2.0,,,0.9999999970353165,0.8085721554131565,,,,,29
True,0.062745101749897,0.09600000083446503,50.0,2.0,,,0.9999999979489884,0.9070275473735061,,,,,33
True,0.062745101749897,0.12800000607967377,50.0,2.0,,,0.9999999984185466,0.9471927698546158,,,,,33
True,0.062745101749897,0.0010000000474974513,50.0,3.0,82,,0.9999994840916983,0.13717442717556352,0.14250716989396642,0.25133665636418573,0.0,0.0,33
True,0.062745101749897,0.0020000000949949026,50.0,3.0,100,,0.9999998465107972,0.05490186794316275,0.05490186794316275,0.14792462127111247,0.0,0.0,25
True,0.062745101749897,0.004000000189989805,50.0,3.0,100,,0.9999999442211719,0.04535953452633928,0.04535953452633928,0.19973847458677899,0.0,0.0,25
True,0.062745101749897,0.00800000037997961,50.0,3.0,100,,0.9999999771529734,0.1268058010988501,0.1268058010988501,0.38718400537453623,0.0,0.0,25
True,0.062745101749897,0.012000000104308128,50.0,3.0,100,,0.9999999854479363,0.20988531275396763,0.20988531275396763,0.5221744513286536,0.0,0.0,25
True,0.062745101749897,0.01600000075995922,50.0,3.0,100,,0.9999999891450498,0.2850508211663994,0.2850508211663994,0.6037784597362127,0.0,0.0,25
True,0.062745101749897,0.03200000151991844,50.0,3.0,100,,0.9999999943925624,0.5501880259425905,0.5501880259425905,0.792084190050008,0.0,0.0,25
True,0.062745101749897,0.06400000303983688,50.0,3.0,,,0.9999999970353165,0.8119861744355377,,,,,29
True,0.062745101749897,0.09600000083446503,50.0,3.0,,,0.9999999979489884,0.9074931783418838,,,,,33
True,0.062745101749897,0.12800000607967377,50.0,3.0,,,0.9999999984185466,0.9460816995871463,,,,,33
True,0.062745101749897,0.0010000000474974513,50.0,4.0,81,,0.9999994840916983,0.14251062770165535,0.14922231765490832,0.2567022348335001,0.0,0.0,33
True,0.062745101749897,0.0020000000949949026,50.0,4.0,100,,0.9999998465107972,0.055897847182693416,0.055897847182693416,0.14351079214336632,0.0,0.0,25
True,0.062745101749897,0.004000000189989805,50.0,4.0,100,,0.9999999442211719,0.04677833989998684,0.04677833989998684,0.19506114961244597,0.0,0.0,25
True,0.062745101749897,0.00800000037997961,50.0,4.0,100,,0.9999999771529734,0.13015750997818967,0.13015750997818967,0.37382433310069374,0.0,0.0,25
True,0.062745101749897,0.012000000104308128,50.0,4.0,100,,0.9999999854479363,0.21267603023138756,0.21267603023138756,0.4960270308741396,0.0,0.0,25
True,0.062745101749897,0.01600000075995922,50.0,4.0,100,,0.9999999891450498,0.28691376698262727,0.28691376698262727,0.5776988693619374,0.0,0.0,25
True,0.062745101749897,0.03200000151991844,50.0,4.0,100,,0.9999999943925624,0.5431167501460573,0.5431167501460573,0.7752957252233476,0.0,0.0,25
True,0.062745101749897,0.06400000303983688,50.0,4.0,,,0.9999999970353165,0.8068362190520262,,,,,29
True,0.062745101749897,0.09600000083446503,50.0,4.0,,,0.9999999979489884,0.9067454878164712,,,,,33
True,0.062745101749897,0.12800000607967377,50.0,4.0,,,0.9999999984185466,0.9467459007587276,,,,,33
True,0.062745101749897,0.0010000000474974513,50.0,5.0,81,,0.9999994840916983,0.14154959487417237,0.14849235719449852,0.2509331562782283,0.0,0.0,33
True,0.062745101749897,0.0020000000949949026,50.0,5.0,100,,0.9999998465107972,0.059126627483747,0.059126627483747,0.13618033567656862,0.0,0.0,25
True,0.062745101749897,0.004000000189989805,50.0,5.0,100,,0.9999999442211719,0.04714683528693221,0.04714683528693221,0.19194120056995745,0.0,0.0,25
True,0.062745101749897,0.00800000037997961,50.0,5.0,100,,0.9999999771529734,0.1317506653552646,0.1317506653552646,0.3685349138340744,0.0,0.0,25
True,0.062745101749897,0.012000000104308128,50.0,5.0,100,,0.9999999854479363,0.21727130633593805,0.21727130633593805,0.4931072300296325,0.0,0.0,25
True,0.062745101749897,0.01600000075995922,50.0,5.0,100,,0.9999999891450498,0.2928581076181802,0.2928581076181802,0.5785818662790844,0.0,0.0,25
True,0.062745101749897,0.03200000151991844,50.0,5.0,100,,0.9999999943925624,0.5467874231737495,0.5467874231737495,0.7806468229187484,0.0,0.0,25
True,0.062745101749897,0.06400000303983688,50.0,5.0,,,0.9999999970353165,0.8084221190446141,,,,,29
True,0.062745101749897,0.09600000083446503,50.0,5.0,,,0.9999999979489884,0.9038665932271273,,,,,33
True,0.062745101749897,0.12800000607967377,50.0,5.0,,,0.9999999984185466,0.9453289775922769,,,,,33
True,0.11764705926179886,0.0010000000474974513,50.0,1.0,85,,0.9999978199999107,0.09270702857594544,0.0961507361775832,0.2132380686307472,0.0,0.0,33
True,0.11764705926179886,0.0020000000949949026,50.0,1.0,94,,0.9999994829397697,0.03977374097608527,0.041279750708000246,0.1567693268730953,0.0,0.0,29
True,0.11764705926179886,0.004000000189989805,50.0,1.0,100,,0.9999998656165112,0.021527058005148786,0.021527058005148786,0.11871446839249586,0.0,0.0,25
True,0.11764705926179886,0.00800000037997961,50.0,1.0,100,,0.9999999535105802,0.0477387997641649,0.0477387997641649,0.22883466721926712,0.0,0.0,25
True,0.11764705926179886,0.012000000104308128,50.0,1.0,100,,0.9999999728829234,0.1036076859910079,0.1036076859910079,0.3179438147489396,0.0,0.0,25
True,0.11764705926179886,0.01600000075995922,50.0,1.0,100,,0.9999999812048682,0.16202837441111864,0.16202837441111864,0.4220853219146688,0.0,0.0,25
True,0.11764705926179886,0.03200000151991844,50.0,1.0,100,,0.9999999913315583,0.39215882376818983,0.39215882376818983,0.6882090049093538,0.0,0.0,25
True,0.11764705926179886,0.06400000303983688,50.0,1.0,,,0.9999999954512054,0.7234296488125096,,,,,25
True,0.11764705926179886,0.09600000083446503,50.0,1.0,,,0.9999999968163156,0.8634643868801923,,,,,33
True,0.11764705926179886,0.12800000607967377,50.0,1.0,,,0.999999997522506,0.9214732961447489,,,,,33
True,0.11764705926179886,0.0010000000474974513,50.0,2.0,67,,0.9999978199999107,0.21315893756409188,0.22300567914464361,0.3621254996724492,0.0,0.0,33
True,0.11764705926179886,0.0020000000949949026,50.0,2.0,87,,0.9999994829397697,0.08128702661190705,0.08491087101512142,0.1929131442504036,0.0,0.0,33
True,0.11764705926179886,0.004000000189989805,50.0,2.0,100,,0.9999998656165112,0.03544152676064113,0.03544152676064113,0.11510902529121142,0.0,0.0,25
True,0.11764705926179886,0.00800000037997961,50.0,2.0,100,,0.9999999535105802,0.05157674272325097,0.05157674272325097,0.229773751393647,0.0,0.0,25
True,0.11764705926179886,0.012000000104308128,50.0,2.0,100,,0.9999999728829234,0.10775041051322604,0.10775041051322604,0.3363441963994323,0.0,0.0,25
True,0.11764705926179886,0.01600000075995922,50.0,2.0,100,,0.9999999812048682,0.16685957325260045,0.16685957325260045,0.4264119489961882,0.0,0.0,25
True,0.11764705926179886,0.03200000151991844,50.0,2.0,100,,0.9999999913315583,0.39208170293328526,0.39208170293328526,0.6871479915125683,0.0,0.0,25
True,0.11764705926179886,0.06400000303983688,50.0,2.0,100,,0.9999999954512054,0.7259961686268886,0.7259961686268886,0.8919069710173391,0.0,0.0,25
True,0.11764705926179886,0.09600000083446503,50.0,2.0,,,0.9999999968163156,0.8626881454814082,,,,,33
True,0.11764705926179886,0.12800000607967377,50.0,2.0,,,0.999999997522506,0.922084652244578,,,,,33
True,0.11764705926179886,0.0010000000474974513,50.0,3.0,59,,0.9999978199999107,0.28022186957197637,0.2929301132342845,0.4360898298685529,0.0,0.0,33
True,0.11764705926179886,0.0020000000949949026,50.0,3.0,83,,0.9999994829397697,0.11102080486544856,0.11530088454565236,0.22099540488308478,0.0,0.0,33
True,0.11764705926179886,0.004000000189989805,50.0,3.0,100,,0.9999998656165112,0.04146234225999301,0.04146234225999301,0.12375900132134925,0.0,0.0,25
True,0.11764705926179886,0.00800000037997961,50.0,3.0,100,,0.9999999535105802,0.05323955371250533,0.05323955371250533,0.21728384175067814,0.0,0.0,25
True,0.11764705926179886,0.012000000104308128,50.0,3.0,100,,0.9999999728829234,0.10644996971163716,0.10644996971163716,0.3343101510477439,0.0,0.0,25
True,0.11764705926179886,0.01600000075995922,50.0,3.0,100,,0.9999999812048682,0.16489004215746894,0.16489004215746894,0.44488545592553497,0.0,0.0,25
True,0.11764705926179886,0.03200000151991844,50.0,3.0,100,,0.9999999913315583,0.3950549861680546,0.3950549861680546,0.6977290626023406,0.0,0.0,25
True,0.11764705926179886,0.06400000303983688,50.0,3.0,100,,0.9999999954512054,0.7276998769672041,0.7276998769672041,0.8976694441823755,0.0,0.0,25
True,0.11764705926179886,0.09600000083446503,50.0,3.0,,,0.9999999968163156,0.8638889695156233,,,,,33
True,0.11764705926179886,0.12800000607967377,50.0,3.0,,,0.999999997522506,0.922691918125498,,,,,33
True,0.11764705926179886,0.0010000000474974513,50.0,4.0,58,,0.9999978199999107,0.2898993206744252,0.30223261425769865,0.44578412459067795,0.0,0.0,33
True,0.11764705926179886,0.0020000000949949026,50.0,4.0,82,,0.9999994829397697,0.11852075700152466,0.12299325577631898,0.22938687680715256,0.0,0.0,33
True,0.11764705926179886,0.004000000189989805,50.0,4.0,100,,0.9999998656165112,0.04416584577709082,0.04416584577709082,0.12037375819498512,0.0,0.0,25
True,0.11764705926179886,0.00800000037997961,50.0,4.0,100,,0.9999999535105802,0.05683773216739188,0.05683773216739188,0.21670825298490226,0.0,0.0,25
True,0.11764705926179886,0.012000000104308128,50.0,4.0,100,,0.9999999728829234,0.11150282866048264,0.11150282866048264,0.32766489375232105,0.0,0.0,25
True,0.11764705926179886,0.01600000075995922,50.0,4.0,100,,0.9999999812048682,0.1689899259270975,0.1689899259270975,0.420301442267603,0.0,0.0,25
True,0.11764705926179886,0.03200000151991844,50.0,4.0,100,,0.9999999913315583,0.3940726427289728,0.3940726427289728,0.6807498681101954,0.0,0.0,25
True,0.11764705926179886,0.06400000303983688,50.0,4.0,100,,0.9999999954512054,0.7239421470089437,0.7239421470089437,0.890342391726749,0.0,0.0,25
True,0.11764705926179886,0.09600000083446503,50.0,4.0,,,0.9999999968163156,0.8620583477366228,,,,,33
True,0.11764705926179886,0.12800000607967377,50.0,4.0,,,0.999999997522506,0.9227350400057976,,,,,33
True,0.11764705926179886,0.0010000000474974513,50.0,5.0,57,,0.9999978199999107,0.28942805412010825,0.30284962173677127,0.453182337812897,0.0,0.0,33
True,0.11764705926179886,0.0020000000949949026,50.0,5.0,81,,0.9999994829397697,0.12195427887922786,0.12676555191268465,0.23276963780445742,0.0,0.0,37
True,0.11764705926179886,0.004000000189989805,50.0,5.0,100,,0.9999998656165112,0.04810650849938796,0.04810650849938796,0.11458085800108583,0.0,0.0,25
True,0.11764705926179886,0.00800000037997961,50.0,5.0,100,,0.9999999535105802,0.05799801976136744,0.05799801976136744,0.2339790567604898,0.0,0.0,25
True,0.11764705926179886,0.012000000104308128,50.0,5.0,100,,0.9999999728829234,0.1135344430868014,0.1135344430868014,0.33559425912148805,0.0,0.0,25
True,0.11764705926179886,0.01600000075995922,50.0,5.0,100,,0.9999999812048682,0.1715062468402795,0.1715062468402795,0.42870855802062574,0.0,0.0,25
True,0.11764705926179886,0.03200000151991844,50.0,5.0,100,,0.9999999913315583,0.4000765842321876,0.4000765842321876,0.6841725815315367,0.0,0.0,25
True,0.11764705926179886,0.06400000303983688,50.0,5.0,100,,0.9999999954512054,0.7257655091831366,0.7257655091831366,0.8942261557437537,0.0,0.0,25
True,0.11764705926179886,0.09600000083446503,50.0,5.0,,,0.9999999968163156,0.8624063246540506,,,,,33
True,0.11764705926179886,0.12800000607967377,50.0,5.0,,,0.999999997522506,0.9211537322148708,,,,,33
True,0.250980406999588,0.0010000000474974513,50.0,1.0,83,,0.9999610281486606,0.11868046501346595,0.12361786402063747,0.22996412050637657,7.62939453125e-06,0.1387516212463379,33
True,0.250980406999588,0.0020000000949949026,50.0,1.0,93,,0.9999902988569058,0.04906350447932484,0.05095318598071627,0.16742764485911624,7.62939453125e-06,0.3912172317504883,29
True,0.250980406999588,0.004000000189989805,50.0,1.0,96,,0.999997629965165,0.030898622729788543,0.03192389451575218,0.1552327338380908,0.0,0.0,25
True,0.250980406999588,0.00800000037997961,50.0,1.0,100,,0.9999994587634521,0.02010159129342564,0.02010159129342564,0.11394758641682723,0.0,0.0,25
True,0.250980406999588,0.012000000104308128,50.0,1.0,100,,0.9999997739807376,0.022773151214910668,0.022773151214910668,0.11900113612207425,0.0,0.0,25
True,0.250980406999588,0.01600000075995922,50.0,1.0,100,,0.9999998715156789,0.035458430726236924,0.035458430726236924,0.16208254817206424,0.0,0.0,25
True,0.250980406999588,0.03200000151991844,50.0,1.0,100,,0.9999999567159007,0.1268244057896984,0.1268244057896984,0.351654212712296,0.0,0.0,25
True,0.250980406999588,0.06400000303983688,50.0,1.0,100,,0.9999999822275806,0.36579549390380983,0.36579549390380983,0.6365370623664401,0.0,0.0,25
True,0.250980406999588,0.09600000083446503,50.0,1.0,100,,0.9999999889344671,0.561594080429995,0.561594080429995,0.804303709938913,0.0,0.0,25
True,0.250980406999588,0.12800000607967377,50.0,1.0,100,,0.9999999917633472,0.7046338703093679,0.7046338703093679,0.8917170768431887,0.0,0.0,25
True,0.250980406999588,0.0010000000474974513,50.0,2.0,47,,0.9999610281486606,0.3770110435765754,0.39038081815489023,0.5651569487427062,7.62939453125e-06,0.23068553924560548,29
True,0.250980406999588,0.0020000000949949026,50.0,2.0,75,,0.9999902988569058,0.18310537952066744,0.19040920248511276,0.2935623027304782,7.62939453125e-06,0.3125549125671387,37
True,0.250980406999588,0.004000000189989805,50.0,2.0,89,,0.999997629965165,0.071836438510859,0.0744822343902733,0.1851634700306628,0.0,0.0,33
True,0.250980406999588,0.00800000037997961,50.0,2.0,100,,0.9999994587634521,0.03543772938192829,0.03543772938192829,0.11655761319821172,0.0,0.0,25
True,0.250980406999588,0.012000000104308128,50.0,2.0,100,,0.9999997739807376,0.030673400801982793,0.030673400801982793,0.11501518401460095,0.0,0.0,25
True,0.250980406999588,0.01600000075995922,50.0,2.0,100,,0.9999998715156789,0.039035234357010076,0.039035234357010076,0.1625539984530731,0.0,0.0,25
True,0.250980406999588,0.03200000151991844,50.0,2.0,100,,0.9999999567159007,0.12961340574397887,0.12961340574397887,0.3813447920856919,0.0,0.0,25
True,0.250980406999588,0.06400000303983688,50.0,2.0,100,,0.9999999822275806,0.3686636181765992,0.3686636181765992,0.6403624413800628,0.0,0.0,25
True,0.250980406999588,0.09600000083446503,50.0,2.0,100,,0.9999999889344671,0.564049966897787,0.564049966897787,0.799301433748934,0.0,0.0,25
True,0.250980406999588,0.12800000607967377,50.0,2.0,100,,0.9999999917633472,0.7055755317850955,0.7055755317850955,0.8878528618329371,0.0,0.0,25
True,0.250980406999588,0.0010000000474974513,50.0,3.0,39,,0.9999610281486606,0.5101663629213578,0.5356391534058067,0.6398315952561446,0.0,0.22842113494873048,33
True,0.250980406999588,0.0020000000949949026,50.0,3.0,66,,0.9999902988569058,0.2597865187903183,0.27097270710947086,0.375869858927221,7.62939453125e-06,0.40105697631835935,33
True,0.250980406999588,0.004000000189989805,50.0,3.0,89,,0.999997629965165,0.09421016757596828,0.09889803239652085,0.18999669852408177,0.0,0.0,33
True,0.250980406999588,0.00800000037997961,50.0,3.0,100,,0.9999994587634521,0.040436621666981504,0.040436621666981504,0.11470450367076157,0.0,0.0,25
True,0.250980406999588,0.012000000104308128,50.0,3.0,100,,0.9999997739807376,0.03425168516252152,0.03425168516252152,0.1141994717696035,0.0,0.0,25
True,0.250980406999588,0.01600000075995922,50.0,3.0,100,,0.9999998715156789,0.040172748542037645,0.040172748542037645,0.13456621349603065,0.0,0.0,25
True,0.250980406999588,0.03200000151991844,50.0,3.0,100,,0.9999999567159007,0.1292131206660871,0.1292131206660871,0.34654248532958726,0.0,0.0,25
True,0.250980406999588,0.06400000303983688,50.0,3.0,100,,0.9999999822275806,0.369163060014879,0.369163060014879,0.6413117859443818,0.0,0.0,25
True,0.250980406999588,0.09600000083446503,50.0,3.0,100,,0.9999999889344671,0.5659415977426375,0.5659415977426375,0.8094530159184536,0.0,0.0,25
True,0.250980406999588,0.12800000607967377,50.0,3.0,100,,0.9999999917633472,0.7085158686252382,0.7085158686252382,0.8913299494058043,0.0,0.0,25
True,0.250980406999588,0.0010000000474974513,50.0,4.0,50,,0.9999610281486606,0.5629137006500917,0.5629137006500917,0.5243100854965072,7.62939453125e-06,0.20562679290771485,29
True,0.250980406999588,0.0020000000949949026,50.0,4.0,68,,0.9999902988569058,0.25146386671928533,0.2626078256233293,0.3558271688274067,7.62939453125e-06,0.31872278213500976,33
True,0.250980406999588,0.004000000189989805,50.0,4.0,100,,0.999997629965165,0.08585723483062635,0.08585723483062635,0.1182236674598176,0.0,0.0,25
True,0.250980406999588,0.00800000037997961,50.0,4.0,100,,0.9999994587634521,0.041684116370745324,0.041684116370745324,0.11356859661672944,0.0,0.0,25
True,0.250980406999588,0.012000000104308128,50.0,4.0,100,,0.9999997739807376,0.0366477738474016,0.0366477738474016,0.12440388635491947,0.0,0.0,25
True,0.250980406999588,0.01600000075995922,50.0,4.0,100,,0.9999998715156789,0.0447542323146823,0.0447542323146823,0.1425611406155537,0.0,0.0,25
True,0.250980406999588,0.03200000151991844,50.0,4.0,100,,0.9999999567159007,0.13516345863913046,0.13516345863913046,0.36008506989884304,0.0,0.0,25
True,0.250980406999588,0.06400000303983688,50.0,4.0,100,,0.9999999822275806,0.36923220607974466,0.36923220607974466,0.6367299674967316,0.0,0.0,25
True,0.250980406999588,0.09600000083446503,50.0,4.0,100,,0.9999999889344671,0.5620896440818615,0.5620896440818615,0.7923129547687771,0.0,0.0,25
True,0.250980406999588,0.12800000607967377,50.0,4.0,100,,0.9999999917633472,0.7045462894874663,0.7045462894874663,0.8799501735398605,0.0,0.0,25
True,0.250980406999588,0.0010000000474974513,50.0,5.0,50,,0.9999610281486606,0.5362553864893755,0.5362553864893755,0.5225249387974173,7.62939453125e-06,0.18595146179199218,29
True,0.250980406999588,0.0020000000949949026,50.0,5.0,72,,0.9999902988569058,0.225538888037354,0.23471866302748035,0.31716265421374973,7.62939453125e-06,0.3081638145446777,33
True,0.250980406999588,0.004000000189989805,50.0,5.0,87,,0.999997629965165,0.08600535392183249,0.08979736724589567,0.19444267764162146,0.0,0.0,33
True,0.250980406999588,0.00800000037997961,50.0,5.0,100,,0.9999994587634521,0.04436395043207729,0.04436395043207729,0.10646584564481569,0.0,0.0,25
True,0.250980406999588,0.012000000104308128,50.0,5.0,100,,0.9999997739807376,0.03795624810381409,0.03795624810381409,0.10876192788381754,0.0,0.0,25
True,0.250980406999588,0.01600000075995922,50.0,5.0,100,,0.9999998715156789,0.04620474998902195,0.04620474998902195,0.1467362931784296,0.0,0.0,25
True,0.250980406999588,0.03200000151991844,50.0,5.0,100,,0.9999999567159007,0.13520026620917033,0.13520026620917033,0.37031802615913667,0.0,0.0,25
True,0.250980406999588,0.06400000303983688,50.0,5.0,100,,0.9999999822275806,0.37587724864133754,0.37587724864133754,0.6436919385834629,0.0,0.0,25
True,0.250980406999588,0.09600000083446503,50.0,5.0,100,,0.9999999889344671,0.5682859229339841,0.5682859229339841,0.8082448399962956,0.0,0.0,25
True,0.250980406999588,0.12800000607967377,50.0,5.0,100,,0.9999999917633472,0.7077401750954355,0.7077401750954355,0.8888927289999002,0.0,0.0,25
True,0.3764705955982208,0.0010000000474974513,50.0,1.0,68,,0.9998253039098205,0.2313839322060262,0.24193559738653583,0.35656044611019483,7.62939453125e-06,0.1030709457397461,33
True,0.3764705955982208,0.0020000000949949026,50.0,1.0,87,,0.9999563288719409,0.0883111511372757,0.09231129922880853,0.2015587651760773,7.62939453125e-06,0.15323642730712891,33
True,0.3764705955982208,0.004000000189989805,50.0,1.0,95,,0.9999891225997142,0.039806081480914066,0.04108091289320231,0.1596958570806288,7.62939453125e-06,0.3047068786621094,29
True,0.3764705955982208,0.00800000037997961,50.0,1.0,100,,0.999997337865931,0.02298799487886753,0.02298799487886753,0.11948318583786355,0.0,0.0,25
True,0.3764705955982208,0.012000000104308128,50.0,1.0,100,,0.9999988646052914,0.018313827613859388,0.018313827613859388,0.11817351052086104,0.0,0.0,25
True,0.3764705955982208,0.01600000075995922,50.0,1.0,100,,0.9999993901270074,0.020678261048712718,0.020678261048712718,0.11733137211427606,0.0,0.0,25
True,0.3764705955982208,0.03200000151991844,50.0,1.0,100,,0.9999998605756151,0.06064007685936917,0.06064007685936917,0.17062499533350556,0.0,0.0,25
True,0.3764705955982208,0.06400000303983688,50.0,1.0,100,,0.9999999562964936,0.17502363467025972,0.17502363467025972,0.4098861180460648,0.0,0.0,25
True,0.3764705955982208,0.09600000083446503,50.0,1.0,100,,0.9999999744661103,0.32056435391345794,0.32056435391345794,0.5862540460660202,0.0,0.0,25
True,0.3764705955982208,0.12800000607967377,50.0,1.0,100,,0.9999999823319309,0.4562027382308302,0.4562027382308302,0.7109083794957598,0.0,0.0,25
True,0.3764705955982208,0.0010000000474974513,50.0,2.0,40,,0.9998253039098205,0.5019083517818941,0.5250647568626353,0.6298571642349213,7.62939453125e-06,0.14849807739257812,33
True,0.3764705955982208,0.0020000000949949026,50.0,2.0,55,,0.9999563288719409,0.34259568872234364,0.3592588184150771,0.47692707501091025,7.62939453125e-06,0.2415502166748047,37
True,0.3764705955982208,0.004000000189989805,50.0,2.0,81,,0.9999891225997142,0.13536652678519692,0.14123961620093362,0.24382763889455017,7.62939453125e-06,0.34697196960449217,33
True,0.3764705955982208,0.00800000037997961,50.0,2.0,93,,0.999997337865931,0.05288162281943971,0.05486846186158772,0.16428093621737902,0.0,0.0,29
True,0.3764705955982208,0.012000000104308128,50.0,2.0,100,,0.9999988646052914,0.03316370702281799,0.03316370702281799,0.11898392715623247,0.0,0.0,25
True,0.3764705955982208,0.01600000075995922,50.0,2.0,100,,0.9999993901270074,0.029961301782600203,0.029961301782600203,0.11868861716963379,0.0,0.0,25
True,0.3764705955982208,0.03200000151991844,50.0,2.0,100,,0.9999998605756151,0.06375213589839274,0.06375213589839274,0.18197426950838289,0.0,0.0,25
True,0.3764705955982208,0.06400000303983688,50.0,2.0,100,,0.9999999562964936,0.1757922156940217,0.1757922156940217,0.4431280913169055,0.0,0.0,25
True,0.3764705955982208,0.09600000083446503,50.0,2.0,100,,0.9999999744661103,0.32127892606833713,0.32127892606833713,0.5893196958939136,0.0,0.0,25
True,0.3764705955982208,0.12800000607967377,50.0,2.0,100,,0.9999999823319309,0.4576685386277255,0.4576685386277255,0.6972318253119335,0.0,0.0,25
True,0.3764705955982208,0.0010000000474974513,50.0,3.0,20,,0.9998253039098205,0.7064957040765811,0.7407405815082102,0.8176977613369412,7.62939453125e-06,0.15832263946533204,37
True,0.3764705955982208,0.0020000000949949026,50.0,3.0,45,,0.9999563288719409,0.4376356993721741,0.45541247741280283,0.5847841461223335,7.62939453125e-06,0.28387861251831054,29
True,0.3764705955982208,0.004000000189989805,50.0,3.0,74,,0.9999891225997142,0.1939161621954536,0.20237298252550173,0.3055989261650502,7.62939453125e-06,0.49663707733154294,33
True,0.3764705955982208,0.00800000037997961,50.0,3.0,100,,0.999997337865931,0.06164553433916341,0.06164553433916341,0.12244529110564048,0.0,0.0,25
True,0.3764705955982208,0.012000000104308128,50.0,3.0,100,,0.9999988646052914,0.035902887208934454,0.035902887208934454,0.1204738928285915,0.0,0.0,25
True,0.3764705955982208,0.01600000075995922,50.0,3.0,100,,0.9999993901270074,0.03209263165562008,0.03209263165562008,0.11761895842102489,0.0,0.0,25
True,0.3764705955982208,0.03200000151991844,50.0,3.0,100,,0.9999998605756151,0.06379247858303415,0.06379247858303415,0.17617892167419796,0.0,0.0,25
True,0.3764705955982208,0.06400000303983688,50.0,3.0,100,,0.9999999562964936,0.17632912485653654,0.17632912485653654,0.41487389848941714,0.0,0.0,25
True,0.3764705955982208,0.09600000083446503,50.0,3.0,100,,0.9999999744661103,0.3255454824895856,0.3255454824895856,0.5877939319117974,0.0,0.0,25
True,0.3764705955982208,0.12800000607967377,50.0,3.0,100,,0.9999999823319309,0.45966916246625744,0.45966916246625744,0.7008970029565446,0.0,0.0,25
True,0.3764705955982208,0.0010000000474974513,50.0,4.0,15,,0.9998253039098205,0.7742988983802574,0.8065215099200606,0.8640945043727166,7.62939453125e-06,0.17207672119140624,37
True,0.3764705955982208,0.0020000000949949026,50.0,4.0,50,,0.9999563288719409,0.45748748761935754,0.4645184492405971,0.5243516773438744,7.62939453125e-06,0.2475094985961914,33
True,0.3764705955982208,0.004000000189989805,50.0,4.0,81,,0.9999891225997142,0.17896632846986757,0.18715161924768164,0.2454625508068945,7.62939453125e-06,0.3718532943725586,33
True,0.3764705955982208,0.00800000037997961,50.0,4.0,100,,0.999997337865931,0.055082751132819574,0.055082751132819574,0.11866118137090692,0.0,0.0,25
True,0.3764705955982208,0.012000000104308128,50.0,4.0,100,,0.9999988646052914,0.033289142739061965,0.033289142739061965,0.1168869256251505,0.0,0.0,25
True,0.3764705955982208,0.01600000075995922,50.0,4.0,100,,0.9999993901270074,0.03152796536565588,0.03152796536565588,0.11540448676410539,0.0,0.0,25
True,0.3764705955982208,0.03200000151991844,50.0,4.0,100,,0.9999998605756151,0.06918556942683568,0.06918556942683568,0.17870979402621373,0.0,0.0,25
True,0.3764705955982208,0.06400000303983688,50.0,4.0,100,,0.9999999562964936,0.18166082898046254,0.18166082898046254,0.42143872408589117,0.0,0.0,25
True,0.3764705955982208,0.09600000083446503,50.0,4.0,100,,0.9999999744661103,0.3269350691373375,0.3269350691373375,0.5914651773925111,0.0,0.0,25
True,0.3764705955982208,0.12800000607967377,50.0,4.0,100,,0.9999999823319309,0.458104730106476,0.458104730106476,0.7117780739890547,0.0,0.0,25
True,0.3764705955982208,0.0010000000474974513,50.0,5.0,14,,0.9998253039098205,0.7869285248954763,0.8216980385364755,0.8732047749276621,7.62939453125e-06,0.16650306701660156,37
True,0.3764705955982208,0.0020000000949949026,50.0,5.0,50,,0.9999563288719409,0.428517799624134,0.44683581738179395,0.5226360762792219,7.62939453125e-06,0.22990695953369142,37
True,0.3764705955982208,0.004000000189989805,50.0,5.0,79,,0.9999891225997142,0.16508214646281844,0.17192007867386117,0.25728457016445944,1.52587890625e-05,0.3664924430847168,33
True,0.3764705955982208,0.00800000037997961,50.0,5.0,100,,0.999997337865931,0.05349976090817161,0.05349976090817161,0.11256282802457725,0.0,0.0,25
True,0.3764705955982208,0.012000000104308128,50.0,5.0,100,,0.9999988646052914,0.03231046974386767,0.03231046974386767,0.1108652292458762,0.0,0.0,25
True,0.3764705955982208,0.01600000075995922,50.0,5.0,100,,0.9999993901270074,0.031056296242896724,0.031056296242896724,0.10923274145179174,0.0,0.0,25
True,0.3764705955982208,0.03200000151991844,50.0,5.0,100,,0.9999998605756151,0.06874708841316556,0.06874708841316556,0.16310038165443846,0.0,0.0,25
True,0.3764705955982208,0.06400000303983688,50.0,5.0,100,,0.9999999562964936,0.1817158201677016,0.1817158201677016,0.42796189503030807,0.0,0.0,25
True,0.3764705955982208,0.09600000083446503,50.0,5.0,100,,0.9999999744661103,0.33010437332829246,0.33010437332829246,0.6036744981434259,0.0,0.0,25
True,0.3764705955982208,0.12800000607967377,50.0,5.0,100,,0.9999999823319309,0.46644150588655886,0.46644150588655886,0.7156761293616748,0.0,0.0,25
True,0.501960813999176,0.0010000000474974513,50.0,1.0,47,,0.998727635112952,0.33695352061103356,0.35377686388960483,0.5640639016703062,1.52587890625e-05,0.1127237319946289,37
True,0.501960813999176,0.0020000000949949026,50.0,1.0,79,,0.9996810417525075,0.14569061687841134,0.1524130502402139,0.26152974085114733,3.0517578125e-05,0.1377109146118164,33
True,0.501960813999176,0.004000000189989805,50.0,1.0,92,,0.999920289635098,0.05758860834979637,0.059747819672731385,0.1725099698985422,3.0517578125e-05,0.22477291107177735,29
True,0.501960813999176,0.00800000037997961,50.0,1.0,96,,0.9999801618230266,0.031128155831701407,0.03241395018623827,0.1565123136756325,3.0517578125e-05,0.4440548706054688,29
True,0.501960813999176,0.012000000104308128,50.0,1.0,100,,0.9999912574171866,0.02238032566300627,0.02238032566300627,0.11979832069088683,3.0517578125e-05,0.588489761352539,25
True,0.501960813999176,0.01600000075995922,50.0,1.0,100,,0.9999951493507715,0.019043047857088026,0.019043047857088026,0.11933255917618883,0.0,0.0,25
True,0.501960813999176,0.03200000151991844,50.0,1.0,100,,0.9999989099466696,0.0535196560082032,0.0535196560082032,0.12817502747468287,0.0,0.0,25
True,0.501960813999176,0.06400000303983688,50.0,1.0,100,,0.9999997625428344,0.12345322942630209,0.12345322942630209,0.27480348686303235,0.0,0.0,25
True,0.501960813999176,0.09600000083446503,50.0,1.0,100,,0.9999998814647582,0.20068014528654476,0.20068014528654476,0.4463108631814756,0.0,0.0,25
True,0.501960813999176,0.12800000607967377,50.0,1.0,100,,0.9999999209908724,0.29148476099713,0.29148476099713,0.5580664017409865,0.0,0.0,25
True,0.501960813999176,0.0010000000474974513,50.0,2.0,25,,0.998727635112952,0.6487735069703279,0.6805767165409451,0.7702855905817589,7.62939453125e-06,0.1300244903564453,37
True,0.501960813999176,0.0020000000949949026,50.0,2.0,46,,0.9996810417525075,0.40333431611284976,0.42039638864054696,0.5745125203175085,7.62939453125e-06,0.2138040542602539,29
True,0.501960813999176,0.004000000189989805,50.0,2.0,69,,0.999920289635098,0.2248904051612707,0.23604988125100507,0.3471504599512917,1.52587890625e-05,0.30236671447753904,37
True,0.501960813999176,0.00800000037997961,50.0,2.0,88,,0.9999801618230266,0.08409919513601387,0.08793212169500225,0.19252182944429147,1.52587890625e-05,0.44962345123291014,33
True,0.501960813999176,0.012000000104308128,50.0,2.0,93,,0.9999912574171866,0.0505142899795096,0.052979242066615855,0.16460483875580523,3.0517578125e-05,0.6684869766235352,29
True,0.501960813999176,0.01600000075995922,50.0,2.0,100,,0.9999951493507715,0.03638817278688403,0.03638817278688403,0.11972253418140684,0.0,0.0,25
True,0.501960813999176,0.03200000151991844,50.0,2.0,100,,0.9999989099466696,0.058999735420030924,0.058999735420030924,0.14038611686950067,0.0,0.0,25
True,0.501960813999176,0.06400000303983688,50.0,2.0,100,,0.9999997625428344,0.1269749412572449,0.1269749412572449,0.32472829023114175,0.0,0.0,25
True,0.501960813999176,0.09600000083446503,50.0,2.0,100,,0.9999998814647582,0.20203808827906444,0.20203808827906444,0.471057540778913,0.0,0.0,25
True,0.501960813999176,0.12800000607967377,50.0,2.0,100,,0.9999999209908724,0.28954905143760584,0.28954905143760584,0.5666797526173869,0.0,0.0,25
True,0.501960813999176,0.0010000000474974513,50.0,3.0,11,,0.998727635112952,0.8130073106760979,0.8494750733496931,0.9017041217764208,7.62939453125e-06,0.13565776824951173,33
True,0.501960813999176,0.0020000000949949026,50.0,3.0,33,,0.9996810417525075,0.5738680538270261,0.6001919019856042,0.6958978528502969,1.52587890625e-05,0.2096723175048828,37
True,0.501960813999176,0.004000000189989805,50.0,3.0,60,,0.999920289635098,0.3149244333397607,0.3279216910135806,0.43196353366430784,1.52587890625e-05,0.3607799530029297,37
True,0.501960813999176,0.00800000037997961,50.0,3.0,100,,0.9999801618230266,0.11267835158227996,0.11267835158227996,0.12343625254555088,3.0517578125e-05,0.6902669525146484,25
True,0.501960813999176,0.012000000104308128,50.0,3.0,100,,0.9999912574171866,0.057618379217909216,0.057618379217909216,0.12300078486614854,3.0517578125e-05,1.0815770721435547,25
True,0.501960813999176,0.01600000075995922,50.0,3.0,100,,0.9999951493507715,0.03901472747656702,0.03901472747656702,0.12222471831509317,0.0,0.0,25
True,0.501960813999176,0.03200000151991844,50.0,3.0,100,,0.9999989099466696,0.05763881455295978,0.05763881455295978,0.12492309684759469,0.0,0.0,25
True,0.501960813999176,0.06400000303983688,50.0,3.0,100,,0.9999997625428344,0.12376605857317077,0.12376605857317077,0.29618421427677116,0.0,0.0,25
True,0.501960813999176,0.09600000083446503,50.0,3.0,100,,0.9999998814647582,0.20363318513002804,0.20363318513002804,0.4495360923885025,0.0,0.0,25
True,0.501960813999176,0.12800000607967377,50.0,3.0,100,,0.9999999209908724,0.2956198549111516,0.2956198549111516,0.5592146097640276,0.0,0.0,25
True,0.501960813999176,0.0010000000474974513,50.0,4.0,7,,0.998727635112952,0.8646169848920906,0.9028429100691753,0.9383499116819358,7.62939453125e-06,0.1412939453125,33
True,0.501960813999176,0.0020000000949949026,50.0,4.0,26,,0.9996810417525075,0.6532692102847449,0.6816143550949465,0.7606663259489127,7.62939453125e-06,0.24194046020507812,33
True,0.501960813999176,0.004000000189989805,50.0,4.0,62,,0.999920289635098,0.307425759025522,0.32067502416718296,0.4116195750808635,1.52587890625e-05,0.3122729873657227,33
True,0.501960813999176,0.00800000037997961,50.0,4.0,100,,0.9999801618230266,0.09852414449221825,0.09852414449221825,0.11961109048424111,3.0517578125e-05,0.4789272308349609,25
True,0.501960813999176,0.012000000104308128,50.0,4.0,100,,0.9999912574171866,0.05170161419007434,0.05170161419007434,0.1191146088774922,3.0517578125e-05,0.7771173095703126,25
True,0.501960813999176,0.01600000075995922,50.0,4.0,100,,0.9999951493507715,0.036023770976284494,0.036023770976284494,0.11851112305050057,0.0,0.0,25
True,0.501960813999176,0.03200000151991844,50.0,4.0,100,,0.9999989099466696,0.05910803338766045,0.05910803338766045,0.1277003583824674,0.0,0.0,25
True,0.501960813999176,0.06400000303983688,50.0,4.0,100,,0.9999997625428344,0.12809444855624108,0.12809444855624108,0.3007688157060187,0.0,0.0,25
True,0.501960813999176,0.09600000083446503,50.0,4.0,100,,0.9999998814647582,0.2057347642529849,0.2057347642529849,0.44603056288689363,0.0,0.0,25
True,0.501960813999176,0.12800000607967377,50.0,4.0,100,,0.9999999209908724,0.29690380100329716,0.29690380100329716,0.5580699620972598,0.0,0.0,25
True,0.501960813999176,0.0010000000474974513,50.0,5.0,6,,0.998727635112952,0.8788110347455699,0.9174386755782216,0.9473278227952001,7.62939453125e-06,0.1400356674194336,33
True,0.501960813999176,0.0020000000949949026,50.0,5.0,50,,0.9996810417525075,0.6238205570979518,0.6238205570979518,0.5227415970935992,7.62939453125e-06,0.17283107757568358,29
True,0.501960813999176,0.004000000189989805,50.0,5.0,66,,0.999920289635098,0.27861200520621116,0.2906389743123106,0.3720855654767197,1.52587890625e-05,0.2853252410888672,33
True,0.501960813999176,0.00800000037997961,50.0,5.0,100,,0.9999801618230266,0.09571404567716164,0.09571404567716164,0.1136085151616704,3.0517578125e-05,0.43088512420654296,25
True,0.501960813999176,0.012000000104308128,50.0,5.0,100,,0.9999912574171866,0.05024400721871063,0.05024400721871063,0.11303433253967721,3.0517578125e-05,0.6785488891601562,25
True,0.501960813999176,0.01600000075995922,50.0,5.0,100,,0.9999951493507715,0.03507894546963027,0.03507894546963027,0.11242776144224204,0.0,0.0,25
True,0.501960813999176,0.03200000151991844,50.0,5.0,100,,0.9999989099466696,0.05894844113608239,0.05894844113608239,0.12136225548449793,0.0,0.0,25
True,0.501960813999176,0.06400000303983688,50.0,5.0,100,,0.9999997625428344,0.13191391869925873,0.13191391869925873,0.30077240398829425,0.0,0.0,25
True,0.501960813999176,0.09600000083446503,50.0,5.0,100,,0.9999998814647582,0.20729003132843754,0.20729003132843754,0.4632422606469585,0.0,0.0,25
True,0.501960813999176,0.12800000607967377,50.0,5.0,100,,0.9999999209908724,0.2987406332894577,0.2987406332894577,0.5666589555892654,0.0,0.0,25
True,0.7843137383460999,0.0010000000474974513,50.0,1.0,45,,0.9930831243712057,0.4145887393137003,0.4350202921479498,0.5822641197150492,0.0,0.07017082214355469,29
True,0.7843137383460999,0.0020000000949949026,50.0,1.0,58,,0.9982468147462468,0.31004484782745323,0.32534928449739264,0.4485596085370417,1.52587890625e-05,0.09833656311035156,37
True,0.7843137383460999,0.004000000189989805,50.0,1.0,82,,0.999560157376836,0.12295385569816049,0.12877214103851278,0.23765377784974714,3.0517578125e-05,0.13438064575195313,33
True,0.7843137383460999,0.00800000037997961,50.0,1.0,93,,0.9998899925791842,0.050362201543011215,0.052332357703287036,0.1678999438628909,1.52587890625e-05,0.23337608337402344,29
True,0.7843137383460999,0.012000000104308128,50.0,1.0,96,,0.9999511404833245,0.03488788863860995,0.035898414826979655,0.1569839426754446,1.52587890625e-05,0.3494678497314453,29
True,0.7843137383460999,0.01600000075995922,50.0,1.0,97,,0.9999725488637298,0.02896291151568173,0.030021678401744342,0.1542905532878783,6.103515625e-05,0.46410049438476564,25
True,0.7843137383460999,0.03200000151991844,50.0,1.0,100,,0.9999931996256516,0.01794201790776367,0.01794201790776367,0.12023789461964207,0.0,0.0,25
True,0.7843137383460999,0.06400000303983688,50.0,1.0,100,,0.999998380540895,0.036689191968041275,0.036689191968041275,0.14521507911571618,0.0,0.0,25
True,0.7843137383460999,0.09600000083446503,50.0,1.0,100,,0.9999993525014348,0.10435253333905178,0.10435253333905178,0.256428665523729,0.0,0.0,25
True,0.7843137383460999,0.12800000607967377,50.0,1.0,100,,0.9999996689912969,0.17921613273346726,0.17921613273346726,0.43536524659174447,0.0,0.0,25
True,0.7843137383460999,0.0010000000474974513,50.0,2.0,10,,0.9930831243712057,0.8169319702457875,0.855019034520182,0.910870434150535,0.0,0.07934623718261719,37
True,0.7843137383460999,0.0020000000949949026,50.0,2.0,30,,0.9982468147462468,0.6007886052988852,0.6280142541419651,0.7233279622198427,1.52587890625e-05,0.12846549987792968,37
True,0.7843137383460999,0.004000000189989805,50.0,2.0,47,,0.999560157376836,0.38130711466960054,0.39433755545181204,0.5653816482797349,1.52587890625e-05,0.219237060546875,29
True,0.7843137383460999,0.00800000037997961,50.0,2.0,74,,0.9998899925791842,0.19073293096318072,0.19877980970503117,0.30302259235023804,1.52587890625e-05,0.29631278991699217,33
True,0.7843137383460999,0.012000000104308128,50.0,2.0,85,,0.9999511404833245,0.10665930492783206,0.11122034599739984,0.21381829254023413,1.52587890625e-05,0.3734699249267578,33
True,0.7843137383460999,0.01600000075995922,50.0,2.0,90,,0.9999725488637298,0.07178143035911114,0.07481594469512394,0.180552887379962,6.103515625e-05,0.45565101623535154,33
True,0.7843137383460999,0.03200000151991844,50.0,2.0,100,,0.9999931996256516,0.0313913925312215,0.0313913925312215,0.12019664805131892,0.0,0.0,25
True,0.7843137383460999,0.06400000303983688,50.0,2.0,100,,0.999998380540895,0.04082011900246928,0.04082011900246928,0.14597130754849935,0.0,0.0,25
True,0.7843137383460999,0.09600000083446503,50.0,2.0,100,,0.9999993525014348,0.11403302039497652,0.11403302039497652,0.32157133237556246,0.0,0.0,25
True,0.7843137383460999,0.12800000607967377,50.0,2.0,100,,0.9999996689912969,0.1895977314627879,0.1895977314627879,0.464981923116076,0.0,0.0,25
True,0.7843137383460999,0.0010000000474974513,50.0,3.0,3,,0.9930831243712057,0.9117891597584948,0.9495607865879592,0.9742493336967853,0.0,0.08172248840332032,33
True,0.7843137383460999,0.0020000000949949026,50.0,3.0,14,,0.9982468147462468,0.7803985736032144,0.8131453164675629,0.8739703370361134,0.0,0.13556159973144533,33
True,0.7843137383460999,0.004000000189989805,50.0,3.0,38,,0.999560157376836,0.5214862934882181,0.5470865508173678,0.6494222893354201,1.52587890625e-05,0.20759239196777343,33
True,0.7843137383460999,0.00800000037997961,50.0,3.0,65,,0.9998899925791842,0.27024007486471485,0.28185227514668604,0.38645010352197096,1.52587890625e-05,0.35937774658203125,37
True,0.7843137383460999,0.012000000104308128,50.0,3.0,79,,0.9999511404833245,0.15254667707137373,0.15963220726240115,0.26520696405358535,6.103515625e-05,0.5227658843994141,33
True,0.7843137383460999,0.01600000075995922,50.0,3.0,100,,0.9999725488637298,0.09182985076680555,0.09182985076680555,0.12376357881378788,3.0517578125e-05,0.6889440155029297,25
True,0.7843137383460999,0.03200000151991844,50.0,3.0,100,,0.9999931996256516,0.03351703804364881,0.03351703804364881,0.12347098895120588,0.0,0.0,25
True,0.7843137383460999,0.06400000303983688,50.0,3.0,100,,0.999998380540895,0.041808077223649896,0.041808077223649896,0.14492987191552234,0.0,0.0,25
True,0.7843137383460999,0.09600000083446503,50.0,3.0,100,,0.9999993525014348,0.11170600947079554,0.11170600947079554,0.2834262288286095,0.0,0.0,25
True,0.7843137383460999,0.12800000607967377,50.0,3.0,100,,0.9999996689912969,0.18494800730637093,0.18494800730637093,0.4673958196850501,0.0,0.0,25
True,0.7843137383460999,0.0010000000474974513,50.0,4.0,1,,0.9930831243712057,0.9404185204758829,0.9780376359343683,0.9915515286445022,0.0,0.08209037780761719,29
True,0.7843137383460999,0.0020000000949949026,50.0,4.0,9,,0.9982468147462468,0.8373538070776491,0.8764198686562947,0.9200413982489087,0.0,0.1429596710205078,33
True,0.7843137383460999,0.004000000189989805,50.0,4.0,38,,0.999560157376836,0.5780866102774163,0.6052451736083361,0.6483563632522917,1.52587890625e-05,0.2358747100830078,37
True,0.7843137383460999,0.00800000037997961,50.0,4.0,67,,0.9998899925791842,0.26186409066931315,0.27348682128664265,0.366397652163384,1.52587890625e-05,0.30503646850585936,33
True,0.7843137383460999,0.012000000104308128,50.0,4.0,100,,0.9999511404833245,0.13239032926334715,0.13239032926334715,0.11989262991274287,1.52587890625e-05,0.3541676330566406,25
True,0.7843137383460999,0.01600000075995922,50.0,4.0,100,,0.9999725488637298,0.0807742337473319,0.0807742337473319,0.11988438967613799,1.52587890625e-05,0.47781326293945314,25
True,0.7843137383460999,0.03200000151991844,50.0,4.0,100,,0.9999931996256516,0.03127251861081025,0.03127251861081025,0.1198679121807317,0.0,0.0,25
True,0.7843137383460999,0.06400000303983688,50.0,4.0,100,,0.999998380540895,0.04297407342452849,0.04297407342452849,0.14828309473074333,0.0,0.0,25
True,0.7843137383460999,0.09600000083446503,50.0,4.0,100,,0.9999993525014348,0.11351699786103125,0.11351699786103125,0.271821873114161,0.0,0.0,25
True,0.7843137383460999,0.12800000607967377,50.0,4.0,100,,0.9999996689912969,0.18436663632223027,0.18436663632223027,0.4362879199030626,0.0,0.0,25
True,0.7843137383460999,0.0010000000474974513,50.0,5.0,0,,0.9930831243712057,0.9501625935896689,0.9930831243712057,1.0,0.0,0.08225593566894532,29
True,0.7843137383460999,0.0020000000949949026,50.0,5.0,8,,0.9982468147462468,0.8514973465822729,0.891405503983675,0.9290964082858909,0.0,0.14095962524414063,33
True,0.7843137383460999,0.004000000189989805,50.0,5.0,50,,0.999560157376836,0.550085516069074,0.550085516069074,0.5228174353026458,1.52587890625e-05,0.1776319122314453,29
True,0.7843137383460999,0.00800000037997961,50.0,5.0,71,,0.9998899925791842,0.23522743777904248,0.24503005057315802,0.32704494973168846,1.52587890625e-05,0.278408203125,33
True,0.7843137383460999,0.012000000104308128,50.0,5.0,83,,0.9999511404833245,0.12864060250284562,0.1347981570797451,0.22612559014216865,1.52587890625e-05,0.37568672180175783,33
True,0.7843137383460999,0.01600000075995922,50.0,5.0,100,,0.9999725488637298,0.07851940670648656,0.07851940670648656,0.11380398374657935,1.52587890625e-05,0.4292376708984375,25
True,0.7843137383460999,0.03200000151991844,50.0,5.0,100,,0.9999931996256516,0.03048629695299014,0.03048629695299014,0.11357903233273066,0.0,0.0,25
True,0.7843137383460999,0.06400000303983688,50.0,5.0,100,,0.999998380540895,0.04299428518550059,0.04299428518550059,0.14312090872332903,0.0,0.0,25
True,0.7843137383460999,0.09600000083446503,50.0,5.0,100,,0.9999993525014348,0.11374275263094752,0.11374275263094752,0.2521221767672341,0.0,0.0,25
True,0.7843137383460999,0.12800000607967377,50.0,5.0,100,,0.9999996689912969,0.1912616154476435,0.1912616154476435,0.4164619002244253,0.0,0.0,25
True,0.9411764740943909,0.0010000000474974513,50.0,1.0,34,,0.9797698703089637,0.520116860011968,0.5421095326810877,0.6848637140177805,0.0,0.0,33
True,0.9411764740943909,0.0020000000949949026,50.0,1.0,41,,0.9947414662169112,0.40856170861360375,0.4250878339415965,0.6193170222809739,0.0,0.0,29
True,0.9411764740943909,0.004000000189989805,50.0,1.0,48,,0.9986721234544701,0.330637665310179,0.3420424281228486,0.5548200447425384,0.0,0.0,37
True,0.9411764740943909,0.00800000037997961,50.0,1.0,77,,0.9996672452216835,0.1523039832587965,0.159796376012616,0.2781672656878575,0.0,0.0,33
True,0.9411764740943909,0.012000000104308128,50.0,1.0,87,,0.9998520880009494,0.08636453717227946,0.0903901598330412,0.20192292916644838,0.0,0.0,33
True,0.9411764740943909,0.01600000075995922,50.0,1.0,91,,0.9999168325692135,0.05942104137977909,0.06232006061714582,0.17797655009723065,0.0,0.0,29
True,0.9411764740943909,0.03200000151991844,50.0,1.0,100,,0.9999792779102216,0.027837959471757077,0.027837959471757077,0.12030087854874429,0.0,0.0,25
True,0.9411764740943909,0.06400000303983688,50.0,1.0,100,,0.9999949040306644,0.019102989281764585,0.019102989281764585,0.12759245011391454,0.0,0.0,25
True,0.9411764740943909,0.09600000083446503,50.0,1.0,100,,0.9999978086182977,0.030173676887376946,0.030173676887376946,0.17156439146240438,0.0,0.0,25
True,0.9411764740943909,0.12800000607967377,50.0,1.0,100,,0.9999988462822051,0.06715689841025668,0.06715689841025668,0.31027177040710613,0.0,0.0,25
True,0.9411764740943909,0.0010000000474974513,50.0,2.0,6,,0.9797698703089637,0.8540562549578247,0.8952149122861146,0.9474754274873513,0.0,0.0,33
True,0.9411764740943909,0.0020000000949949026,50.0,2.0,21,,0.9947414662169112,0.6898702942451901,0.7229655290143441,0.8080530996352834,0.0,0.0,33
True,0.9411764740943909,0.004000000189989805,50.0,2.0,39,,0.9986721234544701,0.4760858413749858,0.4950732807377379,0.6391984425723015,0.0,0.0,33
True,0.9411764740943909,0.00800000037997961,50.0,2.0,53,,0.9996672452216835,0.3412664290658976,0.3559784387636531,0.49629125776577704,0.0,0.0,33
True,0.9411764740943909,0.012000000104308128,50.0,2.0,70,,0.9998520880009494,0.2115707648547103,0.22142907883036067,0.3387000614876984,0.0,0.0,37
True,0.9411764740943909,0.01600000075995922,50.0,2.0,80,,0.9999168325692135,0.1412961804634441,0.14718979754548367,0.2528090000917112,0.0,0.0,33
True,0.9411764740943909,0.03200000151991844,50.0,2.0,93,,0.9999792779102216,0.05458683195583944,0.05644066122706078,0.16562419348355803,0.0,0.0,29
True,0.9411764740943909,0.06400000303983688,50.0,2.0,100,,0.9999949040306644,0.025612205029870543,0.025612205029870543,0.12537880949508312,0.0,0.0,25
True,0.9411764740943909,0.09600000083446503,50.0,2.0,100,,0.9999978086182977,0.03282513573879014,0.03282513573879014,0.17470852956117228,0.0,0.0,25
True,0.9411764740943909,0.12800000607967377,50.0,2.0,100,,0.9999988462822051,0.07291338965204953,0.07291338965204953,0.29890162644150553,0.0,0.0,25
True,0.9411764740943909,0.0010000000474974513,50.0,3.0,1,,0.9797698703089637,0.925359947847746,0.9647349652923638,0.9915544513069502,0.0,0.0,29
True,0.9411764740943909,0.0020000000949949026,50.0,3.0,9,,0.9947414662169112,0.8376062152502256,0.8723091963885654,0.9202014450857949,0.0,0.0,33
True,0.9411764740943909,0.004000000189989805,50.0,3.0,27,,0.9986721234544701,0.6300834180712838,0.6586771328792794,0.7520520951646487,0.0,0.0,33
True,0.9411764740943909,0.00800000037997961,50.0,3.0,45,,0.9996672452216835,0.4173783973691017,0.434357144112894,0.5853957524600186,0.0,0.0,37
True,0.9411764740943909,0.012000000104308128,50.0,3.0,61,,0.9998520880009494,0.286292374279139,0.29938030361979934,0.42338331313880206,0.0,0.0,33
True,0.9411764740943909,0.01600000075995922,50.0,3.0,73,,0.9999168325692135,0.1958607094485781,0.20427033497337638,0.3158839865022232,0.0,0.0,33
True,0.9411764740943909,0.03200000151991844,50.0,3.0,100,,0.9999792779102216,0.0680672602558628,0.0680672602558628,0.12375824800054756,0.0,0.0,25
True,0.9411764740943909,0.06400000303983688,50.0,3.0,100,,0.9999949040306644,0.02801357523568071,0.02801357523568071,0.13106403303525574,0.0,0.0,25
True,0.9411764740943909,0.09600000083446503,50.0,3.0,100,,0.9999978086182977,0.0335592346760302,0.0335592346760302,0.17002314089916595,0.0,0.0,25
True,0.9411764740943909,0.12800000607967377,50.0,3.0,100,,0.9999988462822051,0.07232113906219403,0.07232113906219403,0.3019634572170659,0.0,0.0,25
True,0.9411764740943909,0.0010000000474974513,50.0,4.0,0,,0.9797698703089637,0.9462433174435958,0.9797698703089637,1.0,0.0,0.0,29
True,0.9411764740943909,0.0020000000949949026,50.0,4.0,5,,0.9947414662169112,0.8836081810755175,0.9246693281578021,0.956475636960817,0.0,0.0,33
True,0.9411764740943909,0.004000000189989805,50.0,4.0,21,,0.9986721234544701,0.7008404157918493,0.7335149278803017,0.8077883094197672,0.0,0.0,33
True,0.9411764740943909,0.00800000037997961,50.0,4.0,48,,0.9996672452216835,0.44445762618474266,0.46653106267948896,0.5564854486274221,0.0,0.0,29
True,0.9411764740943909,0.012000000104308128,50.0,4.0,59,,0.9998520880009494,0.30096513545938725,0.31587514085127716,0.44021980137021227,0.0,0.0,37
True,0.9411764740943909,0.01600000075995922,50.0,4.0,72,,0.9999168325692135,0.20711156633446398,0.21556070202017877,0.3223272689283881,0.0,0.0,33
True,0.9411764740943909,0.03200000151991844,50.0,4.0,100,,0.9999792779102216,0.0714881739685991,0.0714881739685991,0.11993821091893536,0.0,0.0,25
True,0.9411764740943909,0.06400000303983688,50.0,4.0,100,,0.9999949040306644,0.029047620232286433,0.029047620232286433,0.12972932895044265,0.0,0.0,25
True,0.9411764740943909,0.09600000083446503,50.0,4.0,100,,0.9999978086182977,0.0346490064273489,0.0346490064273489,0.1773308853758441,0.0,0.0,25
True,0.9411764740943909,0.12800000607967377,50.0,4.0,100,,0.9999988462822051,0.07561768446889455,0.07561768446889455,0.29776421907346934,0.0,0.0,25
True,0.9411764740943909,0.0010000000474974513,50.0,5.0,0,,0.9797698703089637,0.9536065713856566,0.9797698703089637,1.0,0.0,0.0,29
True,0.9411764740943909,0.0020000000949949026,50.0,5.0,4,,0.9947414662169112,0.8972739302059245,0.9388820570556562,0.9653307139479732,0.0,0.0,33
True,0.9411764740943909,0.004000000189989805,50.0,5.0,21,,0.9986721234544701,0.7106376953638259,0.7410676263796199,0.8072385790429852,0.0,0.0,33
True,0.9411764740943909,0.00800000037997961,50.0,5.0,50,,0.9996672452216835,0.44442379806541893,0.44442379806541893,0.5229780478209154,0.0,0.0,29
True,0.9411764740943909,0.012000000104308128,50.0,5.0,59,,0.9998520880009494,0.3054853980690132,0.31805613529314114,0.43772071740253105,0.0,0.0,37
True,0.9411764740943909,0.01600000075995922,50.0,5.0,71,,0.9999168325692135,0.21111604597436381,0.2204244213560078,0.3275837152242637,0.0,0.0,33
True,0.9411764740943909,0.03200000151991844,50.0,5.0,89,,0.9999792779102216,0.0769387268022296,0.0805648497309826,0.1855797376569041,0.0,0.0,33
True,0.9411764740943909,0.06400000303983688,50.0,5.0,100,,0.9999949040306644,0.030299539992622002,0.030299539992622002,0.12392583302715951,0.0,0.0,25
True,0.9411764740943909,0.09600000083446503,50.0,5.0,100,,0.9999978086182977,0.03547354861257892,0.03547354861257892,0.17334527941519767,0.0,0.0,25
True,0.9411764740943909,0.12800000607967377,50.0,5.0,100,,0.9999988462822051,0.07475424385787013,0.07475424385787013,0.29573674627490654,0.0,0.0,25
False,0.062745101749897,0.0010000000474974513,0.0,1.0,83,,0.9999991621448334,0.12455139635666976,0.1294074572957709,0.22956359609425483,0.0,0.0,33
False,0.062745101749897,0.0020000000949949026,0.0,1.0,93,,0.9999997665971269,0.061705338797364236,0.06430827096040025,0.17968285586630242,0.0,0.0,29
False,0.062745101749897,0.004000000189989805,0.0,1.0,100,,0.9999999223736642,0.04498951175044324,0.04498951175044324,0.20847474391159396,0.0,0.0,25
False,0.062745101749897,0.00800000037997961,0.0,1.0,100,,0.9999999673721606,0.0619377896967605,0.0619377896967605,0.3170810282534132,0.0,0.0,17
False,0.062745101749897,0.012000000104308128,0.0,1.0,100,,0.9999999789400271,0.080848140213831,0.080848140213831,0.3605191455455093,0.0,0.0,17
False,0.062745101749897,0.01600000075995922,0.0,1.0,100,,0.9999999844744027,0.09679815056568848,0.09679815056568848,0.3818592612363305,0.0,0.0,18
False,0.062745101749897,0.03200000151991844,0.0,1.0,,,0.9999999926152836,0.4454181710662466,,,,,13
False,0.062745101749897,0.06400000303983688,0.0,1.0,,,0.9999999965004979,0.5320347740604632,,,,,11
False,0.062745101749897,0.09600000083446503,0.0,1.0,,,0.9999999977236504,0.7277548223149093,,,,,9
False,0.062745101749897,0.12800000607967377,0.0,1.0,100,,0.9999999983139356,0.4764547807846169,0.4764547807846169,0.6982981210934501,0.0,0.0,26
False,0.062745101749897,0.0010000000474974513,50.0,1.0,83,,0.9999991621448334,0.12435602438421135,0.1292590257189912,0.229625043736912,0.0,0.0,33
False,0.062745101749897,0.0020000000949949026,50.0,1.0,93,,0.9999997665971269,0.06163478558539451,0.06428616896389926,0.17983387715605714,0.0,0.0,29
False,0.062745101749897,0.004000000189989805,50.0,1.0,100,,0.9999999223736642,0.04503416844956554,0.04503416844956554,0.20912484606556805,0.0,0.0,25
False,0.062745101749897,0.00800000037997961,50.0,1.0,100,,0.9999999673721606,0.06291765000434173,0.06291765000434173,0.32030961562189264,0.0,0.0,17
False,0.062745101749897,0.012000000104308128,50.0,1.0,100,,0.9999999789400271,0.0870589680716262,0.0870589680716262,0.3716491535624169,0.0,0.0,17
False,0.062745101749897,0.01600000075995922,50.0,1.0,100,,0.9999999844744027,0.11964153055272167,0.11964153055272167,0.40968615341308906,0.0,0.0,17
False,0.062745101749897,0.03200000151991844,50.0,1.0,,,0.9999999926152836,0.458809020347506,,,,,15
False,0.062745101749897,0.06400000303983688,50.0,1.0,100,,0.9999999965004979,0.6108676999454014,0.6108676999454014,0.7976285175958504,0.0,0.0,16
False,0.062745101749897,0.09600000083446503,50.0,1.0,100,,0.9999999977236504,0.7678574628476058,0.7678574628476058,0.8864009548806268,0.0,0.0,5
False,0.062745101749897,0.12800000607967377,50.0,1.0,,,0.9999999983139356,0.8525216592418418,,,,,33
False,0.062745101749897,0.0010000000474974513,100.0,1.0,84,,0.9999991621448334,0.11962348669036957,0.12413904611045291,0.22340191627309158,0.0,0.0,33
False,0.062745101749897,0.0020000000949949026,100.0,1.0,94,,0.9999997665971269,0.05995687694974983,0.06273799574195739,0.17941131625089707,0.0,0.0,29
False,0.062745101749897,0.004000000189989805,100.0,1.0,100,,0.9999999223736642,0.04827118068406436,0.04827118068406436,0.22822497217579876,0.0,0.0,25
False,0.062745101749897,0.00800000037997961,100.0,1.0,100,,0.9999999673721606,0.11696857712385235,0.11696857712385235,0.4043518701697193,0.0,0.0,16
False,0.062745101749897,0.012000000104308128,100.0,1.0,100,,0.9999999789400271,0.2753988228819931,0.2753988228819931,0.5389701961249775,0.0,0.0,14
False,0.062745101749897,0.01600000075995922,100.0,1.0,100,,0.9999999844744027,0.439831158482776,0.439831158482776,0.6836824005726533,0.0,0.0,13
False,0.062745101749897,0.03200000151991844,100.0,1.0,,,0.9999999926152836,,,,,,0
False,0.062745101749897,0.06400000303983688,100.0,1.0,,,0.9999999965004979,,,,,,0
False,0.062745101749897,0.09600000083446503,100.0,1.0,,,0.9999999977236504,,,,,,0
False,0.062745101749897,0.12800000607967377,100.0,1.0,,,0.9999999983139356,0.9986487934022329,,,,,29
False,0.11764705926179886,0.0010000000474974513,0.0,1.0,64,,0.9999965383902213,0.23871172315061318,0.24836645079058192,0.41520051833700006,0.0,0.0,37
False,0.11764705926179886,0.0020000000949949026,0.0,1.0,86,,0.9999991644383365,0.0889966519617027,0.09300936901191643,0.20977502850525445,0.0,0.0,29
False,0.11764705926179886,0.004000000189989805,0.0,1.0,96,,0.9999998072009263,0.03946297827840813,0.04133761255756466,0.17581437336800312,0.0,0.0,25
False,0.11764705926179886,0.00800000037997961,0.0,1.0,100,,0.9999999469968943,0.027137906771318346,0.027137906771318346,0.1641065765871388,0.0,0.0,20
False,0.11764705926179886,0.012000000104308128,0.0,1.0,100,,0.9999999698297929,0.03383887351190501,0.03383887351190501,0.2306564717079917,0.0,0.0,19
False,0.11764705926179886,0.01600000075995922,0.0,1.0,100,,0.9999999782503289,0.04402293927537794,0.04402293927537794,0.28599789240324475,0.0,0.0,18
False,0.11764705926179886,0.03200000151991844,0.0,1.0,100,,0.9999999887711384,0.08872559153511059,0.08872559153511059,0.39066104564727794,0.0,0.0,18
False,0.11764705926179886,0.06400000303983688,0.0,1.0,,,0.9999999941714195,0.4375239736100112,,,,,15
False,0.11764705926179886,0.09600000083446503,0.0,1.0,,,0.9999999961091732,0.6479833333452232,,,,,13
False,0.11764705926179886,0.12800000607967377,0.0,1.0,,,0.9999999970976164,,,,,,0
False,0.11764705926179886,0.0010000000474974513,50.0,1.0,64,,0.9999965383902213,0.23769908285447483,0.2478464897703807,0.41525512858775243,0.0,0.0,37
False,0.11764705926179886,0.0020000000949949026,50.0,1.0,86,,0.9999991644383365,0.08861922505103538,0.09273448453471113,0.20993819382492168,0.0,0.0,29
False,0.11764705926179886,0.004000000189989805,50.0,1.0,97,,0.9999998072009263,0.039228340738556834,0.04097303408089843,0.17576430124196546,0.0,0.0,25
False,0.11764705926179886,0.00800000037997961,50.0,1.0,100,,0.9999999469968943,0.02735630915441223,0.02735630915441223,0.16574021528989022,0.0,0.0,20
False,0.11764705926179886,0.012000000104308128,50.0,1.0,100,,0.9999999698297929,0.036955445938930714,0.036955445938930714,0.24272602046016092,0.0,0.0,18
False,0.11764705926179886,0.01600000075995922,50.0,1.0,100,,0.9999999782503289,0.058619799733437575,0.058619799733437575,0.3218806592122181,0.0,0.0,18
False,0.11764705926179886,0.03200000151991844,50.0,1.0,100,,0.9999999887711384,0.2821778731915081,0.2821778731915081,0.5440110698673367,0.0,0.0,16
False,0.11764705926179886,0.06400000303983688,50.0,1.0,100,,0.9999999941714195,0.6179830889910706,0.6179830889910706,0.8055803233305234,0.0,0.0,16
False,0.11764705926179886,0.09600000083446503,50.0,1.0,100,,0.9999999961091732,0.7658535415066814,0.7658535415066814,0.8912767843957257,0.0,0.0,1
False,0.11764705926179886,0.12800000607967377,50.0,1.0,,,0.9999999970976164,,,,,,0
False,0.11764705926179886,0.0010000000474974513,100.0,1.0,70,,0.9999965383902213,0.21335911506581282,0.2237983391094333,0.34419020064492817,0.0,0.0,37
False,0.11764705926179886,0.0020000000949949026,100.0,1.0,88,,0.9999991644383365,0.08016610981149709,0.08413535793402122,0.20443745918104322,0.0,0.0,33
False,0.11764705926179886,0.004000000189989805,100.0,1.0,100,,0.9999998072009263,0.03654683313918799,0.03654683313918799,0.15868658068256788,0.0,0.0,25
False,0.11764705926179886,0.00800000037997961,100.0,1.0,100,,0.9999999469968943,0.05260725087845049,0.05260725087845049,0.24382283743595917,0.0,0.0,19
False,0.11764705926179886,0.012000000104308128,100.0,1.0,100,,0.9999999698297929,0.1622305319284553,0.1622305319284553,0.44746244467125473,0.0,0.0,17
False,0.11764705926179886,0.01600000075995922,100.0,1.0,100,,0.9999999782503289,0.3565443580344894,0.3565443580344894,0.6101888885323258,0.0,0.0,14
False,0.11764705926179886,0.03200000151991844,100.0,1.0,,,0.9999999887711384,,,,,,0
False,0.11764705926179886,0.06400000303983688,100.0,1.0,,,0.9999999941714195,,,,,,0
False,0.11764705926179886,0.09600000083446503,100.0,1.0,,,0.9999999961091732,,,,,,0
False,0.11764705926179886,0.12800000607967377,100.0,1.0,,,0.9999999970976164,,,,,,0
False,0.250980406999588,0.0010000000474974513,0.0,1.0,38,,0.9999663152051423,0.5257426563180939,0.5488985361840767,0.6571794394630556,0.0,0.0,37
False,0.250980406999588,0.0020000000949949026,0.0,1.0,63,,0.9999915852397626,0.2687863501006464,0.2788003120389181,0.4251828124328349,0.0,0.0,29
False,0.250980406999588,0.004000000189989805,0.0,1.0,83,,0.9999979076843198,0.11170066611983466,0.11719084614461679,0.23186612512549593,0.0,0.0,33
False,0.250980406999588,0.00800000037997961,0.0,1.0,,,0.9999994920278683,,,,,,0
False,0.250980406999588,0.012000000104308128,0.0,1.0,100,,0.9999997884517801,0.03350527694512848,0.03350527694512848,0.1932501069088834,0.0,0.0,22
False,0.250980406999588,0.01600000075995922,0.0,1.0,100,,0.9999998901555907,0.026835007626031818,0.026835007626031818,0.18331408947444558,0.0,0.0,22
False,0.250980406999588,0.03200000151991844,0.0,1.0,100,,0.9999999747111795,0.022553363545769093,0.022553363545769093,0.1739649083633234,0.0,0.0,20
False,0.250980406999588,0.06400000303983688,0.0,1.0,100,,0.9999999897642223,0.08830767448805955,0.08830767448805955,0.3845611423544846,0.0,0.0,18
False,0.250980406999588,0.09600000083446503,0.0,1.0,,,0.9999999928964923,0.6591922538589309,,,,,11
False,0.250980406999588,0.12800000607967377,0.0,1.0,,,0.9999999943983907,,,,,,0
False,0.250980406999588,0.0010000000474974513,50.0,1.0,40,,0.9999663152051423,0.49922982299626895,0.5240150863863707,0.6380538955820514,0.0,0.0,37
False,0.250980406999588,0.0020000000949949026,50.0,1.0,63,,0.9999915852397626,0.2561178104909491,0.2674265195077872,0.42539935060831546,0.0,0.0,29
False,0.250980406999588,0.004000000189989805,50.0,1.0,85,,0.9999979076843198,0.10414349165092102,0.10812890257176187,0.21764731198811868,0.0,0.0,33
False,0.250980406999588,0.00800000037997961,50.0,1.0,,,0.9999994920278683,,,,,,0
False,0.250980406999588,0.012000000104308128,50.0,1.0,100,,0.9999997884517801,0.03249099563952522,0.03249099563952522,0.18871575564494655,0.0,0.0,22
False,0.250980406999588,0.01600000075995922,50.0,1.0,100,,0.9999998901555907,0.030061691545191987,0.030061691545191987,0.1831246447454128,0.0,0.0,22
False,0.250980406999588,0.03200000151991844,50.0,1.0,100,,0.9999999747111795,0.11216778653418655,0.11216778653418655,0.3735055594599502,0.0,0.0,19
False,0.250980406999588,0.06400000303983688,50.0,1.0,100,,0.9999999897642223,0.5426237505703311,0.5426237505703311,0.7408817582383288,0.0,0.0,15
False,0.250980406999588,0.09600000083446503,50.0,1.0,,,0.9999999928964923,,,,,,0
False,0.250980406999588,0.12800000607967377,50.0,1.0,,,0.9999999943983907,,,,,,0
False,0.250980406999588,0.0010000000474974513,100.0,1.0,61,,0.9999663152051423,0.29881369895905885,0.31229154107157997,0.44456641037085814,0.0,0.0,33
False,0.250980406999588,0.0020000000949949026,100.0,1.0,79,,0.9999915852397626,0.15048746098315235,0.15765112692975827,0.2711144559173048,0.0,0.0,33
False,0.250980406999588,0.004000000189989805,100.0,1.0,95,,0.9999979076843198,0.06406891578838803,0.0662624592811943,0.18249736288937032,0.0,0.0,29
False,0.250980406999588,0.00800000037997961,100.0,1.0,,,0.9999994920278683,,,,,,0
False,0.250980406999588,0.012000000104308128,100.0,1.0,100,,0.9999997884517801,0.10294632025444472,0.10294632025444472,0.31626909614773235,0.0,0.0,21
False,0.250980406999588,0.01600000075995922,100.0,1.0,100,,0.9999998901555907,0.19781718105167367,0.19781718105167367,0.4434856891044033,0.0,0.0,19
False,0.250980406999588,0.03200000151991844,100.0,1.0,100,,0.9999999747111795,0.7183508600576246,0.7183508600576246,0.8594040957378074,0.0,0.0,1
False,0.250980406999588,0.06400000303983688,100.0,1.0,,,0.9999999897642223,,,,,,0
False,0.250980406999588,0.09600000083446503,100.0,1.0,,,0.9999999928964923,,,,,,0
False,0.250980406999588,0.12800000607967377,100.0,1.0,,,0.9999999943983907,,,,,,0
False,0.3764705955982208,0.0010000000474974513,0.0,1.0,26,,0.9994589164889985,0.6739804044941431,0.7039845448716889,0.7874743802094587,0.0,0.0,33
False,0.3764705955982208,0.0020000000949949026,0.0,1.0,47,,0.9998646722618815,0.43240049462722663,0.453765863790395,0.5717211788681974,0.0,0.0,37
False,0.3764705955982208,0.004000000189989805,0.0,1.0,70,,0.9999661901637581,0.2167090115292218,0.22606551152907572,0.34384806866014545,0.0,0.0,37
False,0.3764705955982208,0.00800000037997961,0.0,1.0,88,,0.9999915890225997,0.08395403030473017,0.08700390669764846,0.1969482105309552,0.0,0.0,31
False,0.3764705955982208,0.012000000104308128,0.0,1.0,93,,0.9999962970157485,0.05240961084199257,0.054121636998374384,0.18150142166308592,0.0,0.0,27
False,0.3764705955982208,0.01600000075995922,0.0,1.0,100,,0.9999979482079131,0.03841550574220928,0.03841550574220928,0.16893807602813213,0.0,0.0,22
False,0.3764705955982208,0.03200000151991844,0.0,1.0,100,,0.9999995524315727,0.02737430102178697,0.02737430102178697,0.1945019736143223,0.0,0.0,22
False,0.3764705955982208,0.06400000303983688,0.0,1.0,100,,0.9999999063083354,0.04001066852151449,0.04001066852151449,0.21971478573872266,0.0,0.0,20
False,0.3764705955982208,0.09600000083446503,0.0,1.0,100,,0.9999999511171285,0.12851313297690928,0.12851313297690928,0.42554885239331025,0.0,0.0,18
False,0.3764705955982208,0.12800000607967377,0.0,1.0,100,,0.9999999651947332,0.30717822809126144,0.30717822809126144,0.5886698137988956,0.0,0.0,16
False,0.3764705955982208,0.0010000000474974513,50.0,1.0,29,,0.9994589164889985,0.6100595478853537,0.6405245837801365,0.7610565798231931,0.0,0.0,37
False,0.3764705955982208,0.0020000000949949026,50.0,1.0,57,,0.9998646722618815,0.34044827720269333,0.35701437882450515,0.4794358532212191,0.0,0.0,33
False,0.3764705955982208,0.004000000189989805,50.0,1.0,76,,0.9999661901637581,0.17021801744664455,0.17726829934384153,0.2914404869008695,0.0,0.0,33
False,0.3764705955982208,0.00800000037997961,50.0,1.0,91,,0.9999915890225997,0.06818757777071395,0.07077430601823606,0.1857574660169603,0.0,0.0,29
False,0.3764705955982208,0.012000000104308128,50.0,1.0,97,,0.9999962970157485,0.04508681857048255,0.04713597175507706,0.17952318339223208,0.0,0.0,24
False,0.3764705955982208,0.01600000075995922,50.0,1.0,100,,0.9999979482079131,0.038434137011306026,0.038434137011306026,0.1724848680264323,0.0,0.0,22
False,0.3764705955982208,0.03200000151991844,50.0,1.0,100,,0.9999995524315727,0.10317678119893575,0.10317678119893575,0.3178382495795523,0.0,0.0,21
False,0.3764705955982208,0.06400000303983688,50.0,1.0,100,,0.9999999063083354,0.36491978933686986,0.36491978933686986,0.6346465687629278,0.0,0.0,18
False,0.3764705955982208,0.09600000083446503,50.0,1.0,100,,0.9999999511171285,0.6574780384425486,0.6574780384425486,0.8199414671911965,0.0,0.0,13
False,0.3764705955982208,0.12800000607967377,50.0,1.0,,,0.9999999651947332,,,,,,0
False,0.3764705955982208,0.0010000000474974513,100.0,1.0,64,,0.9994589164889985,0.24734396655163518,0.25546123532119364,0.4181226200134185,0.0,0.0,29
False,0.3764705955982208,0.0020000000949949026,100.0,1.0,79,,0.9998646722618815,0.14871896034255153,0.1561351405082354,0.27126731331349063,0.0,0.0,33
False,0.3764705955982208,0.004000000189989805,100.0,1.0,95,,0.9999661901637581,0.06684601030562431,0.06926664143377231,0.1805428171007112,0.0,0.0,29
False,0.3764705955982208,0.00800000037997961,100.0,1.0,100,,0.9999915890225997,0.0601402290917327,0.0601402290917327,0.1969216890844941,0.0,0.0,21
False,0.3764705955982208,0.012000000104308128,100.0,1.0,100,,0.9999962970157485,0.11631435755218818,0.11631435755218818,0.3245898876455361,0.0,0.0,20
False,0.3764705955982208,0.01600000075995922,100.0,1.0,100,,0.9999979482079131,0.22374203003164025,0.22374203003164025,0.46671847042056414,0.0,0.0,19
False,0.3764705955982208,0.03200000151991844,100.0,1.0,100,,0.9999995524315727,0.6905430653227341,0.6905430653227341,0.8295883473774982,0.0,0.0,17
False,0.3764705955982208,0.06400000303983688,100.0,1.0,,,0.9999999063083354,,,,,,0
False,0.3764705955982208,0.09600000083446503,100.0,1.0,,,0.9999999511171285,,,,,,0
False,0.3764705955982208,0.12800000607967377,100.0,1.0,,,0.9999999651947332,,,,,,0
False,0.501960813999176,0.0010000000474974513,0.0,1.0,16,,0.9986598844466749,0.7819702358489917,0.8167481522013086,0.876664324111898,0.0,0.0,33
False,0.501960813999176,0.0020000000949949026,0.0,1.0,33,,0.9996641464930627,0.5725960936184135,0.5984279228726762,0.7262842427345321,0.0,0.0,37
False,0.501960813999176,0.004000000189989805,0.0,1.0,61,,0.9999160018925003,0.2989855578758221,0.3121323478293887,0.44355901318780205,0.0,0.0,33
False,0.501960813999176,0.00800000037997961,0.0,1.0,81,,0.999979013928152,0.13337961599800552,0.13887206260054943,0.24979257199505295,0.0,0.0,34
False,0.501960813999176,0.012000000104308128,0.0,1.0,89,,0.9999906910247959,0.07742359297798226,0.08058379197466371,0.19260063527045798,0.0,0.0,30
False,0.501960813999176,0.01600000075995922,0.0,1.0,93,,0.9999947804652601,0.05546503752747996,0.05740917408432549,0.18008939755314274,0.0,0.0,27
False,0.501960813999176,0.03200000151991844,0.0,1.0,100,,0.999998730500477,0.029739332234557166,0.029739332234557166,0.16959539374851335,0.0,0.0,22
False,0.501960813999176,0.06400000303983688,0.0,1.0,100,,0.9999997282237238,0.043153847829296786,0.043153847829296786,0.21532343962859962,0.0,0.0,21
False,0.501960813999176,0.09600000083446503,0.0,1.0,100,,0.9999998960826747,0.0910294166572205,0.0910294166572205,0.3087997641623607,0.0,0.0,20
False,0.501960813999176,0.12800000607967377,0.0,1.0,100,,0.9999999428970272,0.19438805690609973,0.19438805690609973,0.4917282994963142,0.0,0.0,18
False,0.501960813999176,0.0010000000474974513,50.0,1.0,29,,0.9986598844466749,0.6100685276240011,0.6405215394908805,0.7610597863149443,0.0,0.0,29
False,0.501960813999176,0.0020000000949949026,50.0,1.0,53,,0.9996641464930627,0.3794620601572334,0.3955098722965206,0.5161558864784709,0.0,0.0,37
False,0.501960813999176,0.004000000189989805,50.0,1.0,65,,0.9999160018925003,0.2140634198027799,0.22216104866013198,0.4092214294071224,0.0,0.0,37
False,0.501960813999176,0.00800000037997961,50.0,1.0,88,,0.999979013928152,0.08695790240992725,0.09084446563490639,0.20175954240082253,0.0,0.0,31
False,0.501960813999176,0.012000000104308128,50.0,1.0,95,,0.9999906910247959,0.056396278865777555,0.0584682777015785,0.17932494557691384,0.0,0.0,26
False,0.501960813999176,0.01600000075995922,50.0,1.0,99,,0.9999947804652601,0.04733985666941296,0.0493403377600181,0.18360474272038346,0.0,0.0,22
False,0.501960813999176,0.03200000151991844,50.0,1.0,100,,0.999998730500477,0.11347248008438712,0.11347248008438712,0.328414121715956,0.0,0.0,21
False,0.501960813999176,0.06400000303983688,50.0,1.0,100,,0.9999997282237238,0.3541081983221956,0.3541081983221956,0.598276851333165,0.0,0.0,19
False,0.501960813999176,0.09600000083446503,50.0,1.0,100,,0.9999998960826747,0.5583157772221364,0.5583157772221364,0.7685148747540986,0.0,0.0,16
False,0.501960813999176,0.12800000607967377,50.0,1.0,100,,0.9999999428970272,0.7283554384269816,0.7283554384269816,0.8675575009321771,0.0,0.0,14
False,0.501960813999176,0.0010000000474974513,100.0,1.0,61,,0.9986598844466749,0.30120294140158604,0.31450761348733103,0.44463675182386986,0.0,0.0,33
False,0.501960813999176,0.0020000000949949026,100.0,1.0,65,,0.9996641464930627,0.20635408194851024,0.2120791537230653,0.41387584436271807,0.0,0.0,29
False,0.501960813999176,0.004000000189989805,100.0,1.0,91,,0.9999160018925003,0.09291353352847599,0.09712290226304014,0.2000887212965565,0.0,0.0,29
False,0.501960813999176,0.00800000037997961,100.0,1.0,98,,0.999979013928152,0.07217427848428747,0.07466786038598884,0.2285941933104778,0.0,0.0,22
False,0.501960813999176,0.012000000104308128,100.0,1.0,100,,0.9999906910247959,0.12424207390798037,0.12424207390798037,0.3258654244877836,0.0,0.0,20
False,0.501960813999176,0.01600000075995922,100.0,1.0,100,,0.9999947804652601,0.23257804339648486,0.23257804339648486,0.4696122247411479,0.0,0.0,19
False,0.501960813999176,0.03200000151991844,100.0,1.0,100,,0.999998730500477,0.7073058416179338,0.7073058416179338,0.8377023156239796,0.0,0.0,18
False,0.501960813999176,0.06400000303983688,100.0,1.0,,,0.9999997282237238,,,,,,0
False,0.501960813999176,0.09600000083446503,100.0,1.0,,,0.9999998960826747,,,,,,0
False,0.501960813999176,0.12800000607967377,100.0,1.0,,,0.9999999428970272,,,,,,0
False,0.7843137383460999,0.0010000000474974513,0.0,1.0,7,,0.988401714576217,0.8753215451268377,0.9139863533680386,0.9547147267874492,0.0,0.0,33
False,0.7843137383460999,0.0020000000949949026,0.0,1.0,23,,0.997027667516567,0.7036741820379313,0.7364051708487778,0.8143920585713691,0.0,0.0,33
False,0.7843137383460999,0.004000000189989805,0.0,1.0,42,,0.9992530914709759,0.48042217132322346,0.5037129767160802,0.6192280152359699,0.0,0.0,33
False,0.7843137383460999,0.00800000037997961,0.0,1.0,63,,0.9998128984378547,0.2500302669215028,0.26217371488892627,0.42715896409972576,0.0,0.0,27
False,0.7843137383460999,0.012000000104308128,0.0,1.0,79,,0.9999168396410449,0.14936772675610022,0.15601880566028503,0.26882179743291673,0.0,0.0,30
False,0.7843137383460999,0.01600000075995922,0.0,1.0,86,,0.9999532371605496,0.10082881562548812,0.10538159774849175,0.21678256337221802,0.0,0.0,30
False,0.7843137383460999,0.03200000151991844,0.0,1.0,,combined boundary failure in bright high-noise Detail-0 interpolation cell,0.9999883320894158,0.044841120703197505,,,,,22
False,0.7843137383460999,0.06400000303983688,0.0,1.0,,combined boundary failure in bright high-noise Detail-0 interpolation cell,0.9999971178855799,0.048257946313149856,,,,,21
False,0.7843137383460999,0.09600000083446503,0.0,1.0,100,,0.9999987501707152,0.1086945433232506,0.1086945433232506,0.3318528660550245,0.0,0.0,20
False,0.7843137383460999,0.12800000607967377,0.0,1.0,100,,0.9999993275764045,0.20144097379870732,0.20144097379870732,0.45543104445191807,0.0,0.0,19
False,0.7843137383460999,0.0010000000474974513,50.0,1.0,29,,0.988401714576217,0.6156722902050533,0.6427353291807698,0.7612207560027615,0.0,0.0,29
False,0.7843137383460999,0.0020000000949949026,50.0,1.0,44,,0.997027667516567,0.45225335015424634,0.4741400823409995,0.6004327296779309,0.0,0.0,37
False,0.7843137383460999,0.004000000189989805,50.0,1.0,64,,0.9992530914709759,0.24513415593769686,0.2532712567871502,0.417889606110214,0.0,0.0,29
False,0.7843137383460999,0.00800000037997961,50.0,1.0,83,,0.9998128984378547,0.1264362097291665,0.13137850231471404,0.2387907774021956,0.0,0.0,31
False,0.7843137383460999,0.012000000104308128,50.0,1.0,92,,0.9999168396410449,0.07838876712565924,0.08149626341920296,0.1885547794527948,0.0,0.0,28
False,0.7843137383460999,0.01600000075995922,50.0,1.0,97,,0.9999532371605496,0.06310637002755665,0.0650564366188081,0.18645574426146816,0.0,0.0,26
False,0.7843137383460999,0.03200000151991844,50.0,1.0,100,,0.9999883320894158,0.12317239428245925,0.12317239428245925,0.3317764284143024,0.0,0.0,21
False,0.7843137383460999,0.06400000303983688,50.0,1.0,100,,0.9999971178855799,0.3877855855806511,0.3877855855806511,0.6207838143769752,0.0,0.0,19
False,0.7843137383460999,0.09600000083446503,50.0,1.0,100,,0.9999987501707152,0.5913123864356028,0.5913123864356028,0.7703516697482629,0.0,0.0,18
False,0.7843137383460999,0.12800000607967377,50.0,1.0,100,,0.9999993275764045,0.7195598393499781,0.7195598393499781,0.8512890960808683,0.0,0.0,17
False,0.7843137383460999,0.0010000000474974513,100.0,1.0,41,,0.988401714576217,0.4852036731335596,0.5083872155724166,0.6295753928638281,0.0,0.0,33
False,0.7843137383460999,0.0020000000949949026,100.0,1.0,63,,0.997027667516567,0.2745808111527269,0.2860865360495354,0.4314699900874724,0.0,0.0,29
False,0.7843137383460999,0.004000000189989805,100.0,1.0,80,,0.9992530914709759,0.18149749528538542,0.18922371768604743,0.28296178578400377,0.0,0.0,37
False,0.7843137383460999,0.00800000037997961,100.0,1.0,97,,0.9998128984378547,0.10228459043410526,0.10680303053796877,0.23529622529779895,0.0,0.0,25
False,0.7843137383460999,0.012000000104308128,100.0,1.0,98,,0.9999168396410449,0.14839370118781753,0.1548857897009025,0.35247095297848036,0.0,0.0,21
False,0.7843137383460999,0.01600000075995922,100.0,1.0,99,,0.9999532371605496,0.24911382083348116,0.2588289152985082,0.48680569063812273,0.0,0.0,19
False,0.7843137383460999,0.03200000151991844,100.0,1.0,99,,0.9999883320894158,0.7154339034525231,0.72561332130924,0.8463593244824575,0.0,0.0,18
False,0.7843137383460999,0.06400000303983688,100.0,1.0,,,0.9999971178855799,,,,,,0
False,0.7843137383460999,0.09600000083446503,100.0,1.0,,,0.9999987501707152,,,,,,0
False,0.7843137383460999,0.12800000607967377,100.0,1.0,,,0.9999993275764045,,,,,,0
False,0.9411764740943909,0.0010000000474974513,0.0,1.0,5,,0.9850132507320697,0.891915138341493,0.9340809882136443,0.9703769799567218,0.0,0.0,33
False,0.9411764740943909,0.0020000000949949026,0.0,1.0,19,,0.9961195894591766,0.7479728325407156,0.7805658509454316,0.8498927486210427,0.0,0.0,37
False,0.9411764740943909,0.004000000189989805,0.0,1.0,36,,0.9990229098919534,0.5400239541932143,0.565938854533579,0.6766681694943948,0.0,0.0,33
False,0.9411764740943909,0.00800000037997961,0.0,1.0,62,,0.9997552126508285,0.2807789722594671,0.2934078116244081,0.4359681537873919,0.0,0.0,28
False,0.9411764740943909,0.012000000104308128,0.0,1.0,74,,0.9998912005108633,0.1852243563901993,0.19424894613195898,0.31197498429242915,0.0,0.0,31
False,0.9411764740943909,0.01600000075995922,0.0,1.0,83,,0.9999388006907615,0.1252211848924212,0.13041986005152886,0.2396404430519492,0.0,0.0,31
False,0.9411764740943909,0.03200000151991844,0.0,1.0,,combined boundary failure in bright high-noise Detail-0 interpolation cell,0.9999847123848953,0.054746979444242616,,,,,25
False,0.9411764740943909,0.06400000303983688,0.0,1.0,,combined boundary failure in bright high-noise Detail-0 interpolation cell,0.999996195263805,0.05127015288411625,,,,,21
False,0.9411764740943909,0.09600000083446503,0.0,1.0,100,,0.9999983236107634,0.11187557765983194,0.11187557765983194,0.3345899095771071,0.0,0.0,20
False,0.9411764740943909,0.12800000607967377,0.0,1.0,100,,0.9999990695622054,0.20992014423575456,0.20992014423575456,0.46186189004808936,0.0,0.0,19
False,0.9411764740943909,0.0010000000474974513,50.0,1.0,29,,0.9850132507320697,0.6037398959178669,0.6334556082880424,0.7618359935790548,0.0,0.0,29
False,0.9411764740943909,0.0020000000949949026,50.0,1.0,44,,0.9961195894591766,0.4585064742936027,0.4776831582866584,0.6002818168579864,0.0,0.0,37
False,0.9411764740943909,0.004000000189989805,50.0,1.0,63,,0.9990229098919534,0.24910852739643458,0.26138691184105084,0.42660324064262445,0.0,0.0,29
False,0.9411764740943909,0.00800000037997961,50.0,1.0,81,,0.9997552126508285,0.13925670798784429,0.14532988412171405,0.25491600677286597,0.0,0.0,33
False,0.9411764740943909,0.012000000104308128,50.0,1.0,91,,0.9998912005108633,0.08612134102408753,0.08971568759730435,0.19492768388626303,0.0,0.0,29
False,0.9411764740943909,0.01600000075995922,50.0,1.0,96,,0.9999388006907615,0.06844185871615954,0.07149181950290971,0.18937239322458846,0.0,0.0,26
False,0.9411764740943909,0.03200000151991844,50.0,1.0,100,,0.9999847123848953,0.12741146047007992,0.12741146047007992,0.3321040509130671,0.0,0.0,21
False,0.9411764740943909,0.06400000303983688,50.0,1.0,100,,0.999996195263805,0.39172480078270855,0.39172480078270855,0.6223249533801792,0.0,0.0,19
False,0.9411764740943909,0.09600000083446503,50.0,1.0,100,,0.9999983236107634,0.597292731980235,0.597292731980235,0.7731451280475096,0.0,0.0,18
False,0.9411764740943909,0.12800000607967377,50.0,1.0,100,,0.9999990695622054,0.7288439872848599,0.7288439872848599,0.854950464804199,0.0,0.0,18
False,0.9411764740943909,0.0010000000474974513,100.0,1.0,31,,0.9850132507320697,0.5561396800550066,0.577769528806287,0.7451357367319393,0.0,0.0,37
False,0.9411764740943909,0.0020000000949949026,100.0,1.0,60,,0.9961195894591766,0.32544958615716185,0.34168771626403377,0.4577889282871079,0.0,0.0,33
False,0.9411764740943909,0.004000000189989805,100.0,1.0,65,,0.9990229098919534,0.23301655836353927,0.24315417575321105,0.4309011911782707,0.0,0.0,37
False,0.9411764740943909,0.00800000037997961,100.0,1.0,97,,0.9997552126508285,0.12451628267088245,0.1286322404702899,0.23528670192116583,0.0,0.0,25
False,0.9411764740943909,0.012000000104308128,100.0,1.0,97,,0.9998912005108633,0.16524870619939047,0.17330196486799226,0.3589154191451141,0.0,0.0,22
False,0.9411764740943909,0.01600000075995922,100.0,1.0,98,,0.9999388006907615,0.26252467026066584,0.2743088684394026,0.4920919637545676,0.0,0.0,20
False,0.9411764740943909,0.03200000151991844,100.0,1.0,98,,0.9999847123848953,0.7183933721914408,0.7307971253619263,0.8482889145103596,0.0,0.0,18
False,0.9411764740943909,0.06400000303983688,100.0,1.0,,,0.999996195263805,,,,,,0
False,0.9411764740943909,0.09600000083446503,100.0,1.0,,,0.9999983236107634,,,,,,0
False,0.9411764740943909,0.12800000607967377,100.0,1.0,,,0.9999990695622054,,,,,,0
